No;Nama Menu;Deskripsi;Bahan-Bahan;Cara Masak;Usia Min;Usia Max;Tekstur;Est. Harga;Kalori (kkal);Protein (g);Lemak (g);Zat Besi (mg);Seng (mg);Tag Makanan;Potensi Alergi;Image URL
1;MPASI Daging Ayam Wortel Lembut;Bunda, menu **MPASI Daging Ayam Wortel Lembut** adalah pilihan cerdas untuk fase tumbuh kembang usia 6 bulan. Dengan profil nutrisi yang kaya (12.0g protein), resep ini mendukung kenaikan berat badan yang sehat. Tekstur bubur halus sangat pas untuk stimulasi oromotorik tanpa risiko tersedak.;"- 30gram daging ayam tanpa kulit 

- 1 Buah wortel kecil 50 ml air matang";"- Siapin bahan-bahan yang diinginkan 

- Rebus ayam dan wortel hingga empuk 

- Haluskan daging ayam dan wortel dengan blender 

- Tambahkan sedikit air rebusan agar lembut 

- MPASI siap disajikan";6;8;Bubur Halus;Rp 8.000;90;12;3.5;1.2;0.8;Peninggi Badan;Daging Ayam, Wortel;recipes/mpasi_daging_ayam_wortel_lembut.jpg
2;MPASI Bubur Daging Ayam Kentang;Optimalkan 1000 hari pertama kehidupan si Kecil dengan **MPASI Bubur Daging Ayam Kentang**. Menu ini diformulasikan khusus untuk usia 7 bulan dengan fokus pada peninggi badan. Zat besi 1.1mg dan protein berkualitas tinggi di dalamnya membantu pembentukan sel darah merah dan imunitas yang kuat.;"- 2 SDM nasi matang 

- 2.30gram daging ayam giling 

- Setengah kentang ukuran kecil 

- Kaldu ayam homemade secukupnya";"- Rebus semua bahan hingga lembut 

- Blender semua bahan sesuai tekstur balita 

- Mpasi siap disajikan";7;9;Bubur Halus;Rp 8.500;110;12;4;1.1;0.9;Peninggi Badan;Daging Ayam, Kentang;recipes/mpasi_bubur_daging_ayam_kentang.jpg
3;MPASI Sup Daging Ayam Bayam;Sebagai asupan peninggi badan, menu **MPASI Sup Daging Ayam Bayam** ini sangat saya rekomendasikan untuk si Kecil usia 8 bulan ke atas. Kandungan protein 12.0g dan zat besi 1.8mg di dalamnya sangat krusial untuk mencegah stunting dan mendukung perkembangan otak. Tekstur bubur kasar-nya dirancang aman untuk melatih kemampuan mengunyah bayi.;"- 1/40gram daging ayam 

- 1 genggam daun bayam 

- 1 Siung bawang putih 

- Air 100 ml";"- Siapkan semua bahan-bahan 

- Tumis bawang putih tanpa minyak 

- Tambahkan ayam dan air 

- Masak hingga matang 

- Masukkan Bayam ke dalam wadah

- Haluskan semua bahan-bahannya 

- Sup siap disajikan";8;11;Bubur Kasar;Rp 9.000;125;12;5.5;1.8;1;Peninggi Badan;Daging Ayam, Bayam;recipes/mpasi_sup_daging_ayam_bayam.jpg
4;MPASI Daging Ayam Labu Kuning;Bunda, menu **MPASI Daging Ayam Labu Kuning** adalah pilihan cerdas untuk fase tumbuh kembang usia 9 bulan. Dengan profil nutrisi yang kaya (12.0g protein), resep ini mendukung kenaikan berat badan yang sehat. Tekstur bubur kasar sangat pas untuk stimulasi oromotorik tanpa risiko tersedak.;"- 30 g daging ayam cincang

- 2 sdm labu kuning kukus

- 1 sdm beras

- 150 ml ai";"- Siapkan daging ayam dan labu kuning

- Campur semua bahan, 

- Siapkan panic sebagai wadah kukusan

- kukus ±30 menit, 

- haluskan sesuai tekstur";9;12;Bubur Kasar;Rp 9.000;115;12;3.8;1;0.8;Gizi Seimbang;Daging Ayam, Labu, Labu Kuning;recipes/mpasi_daging_ayam_labu_kuning.jpg
5;Bola Daging Ayam Oat Kukus;Optimalkan 1000 hari pertama kehidupan si Kecil dengan **Bola Daging Ayam Oat Kukus**. Menu ini diformulasikan khusus untuk usia 10 bulan dengan fokus pada peninggi badan. Zat besi 1.5mg dan protein berkualitas tinggi di dalamnya membantu pembentukan sel darah merah dan imunitas yang kuat.;"- 50 g ayam cincang 

- 2 sdm oat halus 

- 1 sdm wortel parut 

- 1 butir telur puyuh (opsional)";"- Siapkan bahan-bahan 

- Campurkan daging ayam, wortel, dan telur puyuh ke dalam mangkok

- Beri sedikit air agar tekstur lunak

- Blender dan remas-remas

- Bentuk bola kecil

- Sediakan wadah sebagai pengkukus

- Kukus selama 10-15 menit

- Bola ayam sedia disajikan";10;24;Makanan Jari;Rp 10.000;160;13;6.5;1.5;1.2;Peninggi Badan;Daging Ayam, Wortel, Oat, Telur Puyuh;recipes/bola_daging_ayam_oat_kukus.jpg
6;Bubur Daging Ayam Brokoli;Sebagai asupan peninggi badan, menu **Bubur Daging Ayam Brokoli** ini sangat saya rekomendasikan untuk si Kecil usia 7 bulan ke atas. Kandungan protein 12.0g dan zat besi 1.3mg di dalamnya sangat krusial untuk mencegah stunting dan mendukung perkembangan otak. Tekstur bubur halus-nya dirancang aman untuk melatih kemampuan mengunyah bayi.;"- 2 sdm beras 

- 30 g ayam 

- 2 kuntum brokoli 

- Air kaldu secukupnya";"- Letakkan daging ayam dan brokoli di atas wajan 

- Rebus semua bahan hingga lunak, 

- blender halus daging ayam dan brokoli 

- Setelah diblender, tuangkan dan sajikan buat si kecil";7;9;Bubur Halus;Rp 8.000;105;12;3.5;1.3;0.9;Peninggi Badan;Daging ayam, Brokol;recipes/bubur_daging_ayam_brokoli.jpg
7;Daging Ayam Tofu Lembut;Bunda, menu **Daging Ayam Tofu Lembut** adalah pilihan cerdas untuk fase tumbuh kembang usia 12 bulan. Dengan profil nutrisi yang kaya (13.0g protein), resep ini mendukung kenaikan berat badan yang sehat. Tekstur makanan keluarga sangat pas untuk stimulasi oromotorik tanpa risiko tersedak.;"- 40 g ayam halus

- 30 g tofu (tahu sutra)

- 1 sdm wortel parut";"- Campur semua bahan 

- kukus 15 menit 

- lumatkan dengan garpu.";12;24;Makanan Keluarga;Rp 11.000;145;13;7;1.6;1.1;Gizi Seimbang;Daging ayam, kedelai (tofu);recipes/daging_ayam_tofu_lembut.jpg
8;Nasi Tim Daging Ayam Jagung;Optimalkan 1000 hari pertama kehidupan si Kecil dengan **Nasi Tim Daging Ayam Jagung**. Menu ini diformulasikan khusus untuk usia 10 bulan dengan fokus pada penambah berat badan. Zat besi 1.2mg dan protein berkualitas tinggi di dalamnya membantu pembentukan sel darah merah dan imunitas yang kuat.;"- 3 sdm nasi lembek

- 40 g ayam cincang

- 2 sdm jagung pipil

- 1 sdm keju parut (opsional)";"- Campur semua bahan 

- kukus 30 menit 

- sajikan hangat.";10;18;Nasi Tim;Rp 9.500;155;12;5;1.2;1;Penambah Berat Badan;Daging ayam dan jagung;recipes/nasi_tim_daging_ayam_jagung.jpg
9;Sup Krim Daging Ayam dan Kentang;Sebagai asupan penambah berat badan, menu **Sup Krim Daging Ayam dan Kentang** ini sangat saya rekomendasikan untuk si Kecil usia 10 bulan ke atas. Kandungan protein 12.0g dan zat besi 1.1mg di dalamnya sangat krusial untuk mencegah stunting dan mendukung perkembangan otak. Tekstur cincang halus-nya dirancang aman untuk melatih kemampuan mengunyah bayi.;"- 50 g ayam 

- ½ kentang 

- 2 sdm susu full cream (atau ASI) 

- Air 100 ml";"- Rebus ayam dan kentang 

- blender halus 

- tambahkan susu 

- aduk rata di api kecil.";10;24;Cincang Halus;Rp 12.000;180;12;8.5;1.1;0.9;Penambah Berat Badan;Daging ayam dan susu;recipes/sup_krim_daging_ayam_dan_kentang.jpg
10;Puding Daging Ayam Sayur Gurih;Bunda, menu **Puding Daging Ayam Sayur Gurih** adalah pilihan cerdas untuk fase tumbuh kembang usia 11 bulan. Dengan profil nutrisi yang kaya (12.0g protein), resep ini mendukung kenaikan berat badan yang sehat. Tekstur puding lembut sangat pas untuk stimulasi oromotorik tanpa risiko tersedak.;"- 30 g ayam cincang 

- 1 butir telur 

- 2 sdm wortel cincang 

- 1 sdm tepung maizena 

- Air 100 ml";"- Campur semua bahan 

- kukus hingga mengeras seperti puding gurih";11;24;Puding Lembut;Rp 10.000;165;12;7.5;1.4;1.1;Gizi Seimbang;Daging ayam dan telur;recipes/puding_daging_ayam_sayur_gurih.jpg
11;Bubur Daging Ayam Brokoli Lembut;Optimalkan 1000 hari pertama kehidupan si Kecil dengan **Bubur Daging Ayam Brokoli Lembut**. Menu ini diformulasikan khusus untuk usia 8 bulan dengan fokus pada peninggi badan. Zat besi 1.2mg dan protein berkualitas tinggi di dalamnya membantu pembentukan sel darah merah dan imunitas yang kuat.;"- 30 g dada ayam cincang 

- 2 sdm beras putih 

- 3 kuntum brokoli kecil 

- 200 ml air kaldu ayam tanpa garam";"- Cuci beras hingga bersih dan rendam selama 15 menit.

- Potong kecil dada ayam dan brokoli agar mudah matang.

- Didihkan air kaldu ayam di panci kecil.

- Masukkan ayam cincang dan masak hingga berubah warna.

- Tambahkan beras dan brokoli, aduk perlahan hingga tekstur mulai lembut.

- Masak hingga menjadi bubur dengan api kecil sekitar 20 menit.

- Haluskan dengan blender atau saringan hingga lembut sesuai usia bayi.

- Dinginkan sebentar sebelum disajikan agar tidak terlalu panas.";8;10;Bubur Kasar;Rp 7.500;120;12;4.5;1.2;0.8;Peninggi Badan;Daging Ayam, Brokoli, Beras Putih;recipes/bubur_daging_ayam_brokoli_lembut.jpg
12;Sup Daging Ayam Jagung Kalimantan;Sebagai asupan gizi seimbang, menu **Sup Daging Ayam Jagung Kalimantan** ini sangat saya rekomendasikan untuk si Kecil usia 10 bulan ke atas. Kandungan protein 12.0g dan zat besi 1.5mg di dalamnya sangat krusial untuk mencegah stunting dan mendukung perkembangan otak. Tekstur cincang halus-nya dirancang aman untuk melatih kemampuan mengunyah bayi.;"- 50 g ayam cincang halus

- 2 sdm jagung manis pipil

- 1 sdm wortel parut

- 250 ml air kaldu ayam

- 1 sdt minyak zaitun";"- Panaskan minyak zaitun dalam panci kecil.

- Masukkan ayam cincang dan tumis hingga berubah warna.

- Tambahkan wortel parut dan jagung manis, aduk rata.

- Tuangkan air kaldu ayam dan masak dengan api kecil.

- Biarkan hingga semua bahan lunak dan matang sempurna.

- Haluskan sebagian sup dengan blender jika bayi masih kecil.

- Masukkan kembali hasil halusan ke dalam panci dan aduk rata.

- Dinginkan hingga suhu aman sebelum disajikan.";10;24;Cincang Halus;Rp 9.000;150;12;5;1.5;1;Gizi Seimbang;Daging Ayam, Jagung Manis, Wortel;recipes/sup_daging_ayam_jagung_kalimantan.jpg
13;Pepes Daging Ayam Tahu MPASI;Bunda, menu **Pepes Daging Ayam Tahu MPASI** adalah pilihan cerdas untuk fase tumbuh kembang usia 12 bulan. Dengan profil nutrisi yang kaya (13.0g protein), resep ini mendukung kenaikan berat badan yang sehat. Tekstur makanan keluarga sangat pas untuk stimulasi oromotorik tanpa risiko tersedak.;"- 200 gr Ayam 

- 1 kotak kecil Tahu 

- 2 batang Daun kemangi (cuci bersih) 

- 2 buah daun salam 

- 2 buah daun jeruk 

- 2 siung bamer 

- 2 siung baput 

- 1 ruas kunyit 

- 1 buah tomat 

- Sedikit merica 

- Secukupnya Kaldu sapi mpasi 

- Secukupnya garam 

- Sedikit ketumbar";"- Bumbu halus ditumis sampe harum kemudian masukkan ayam. Tambahkan daun salam, daun jeruk. Kemudian tambahkan bumbu, koreksi rasanya. Kalo sudah pas matikan kompor dan dinginkan

- Hancurkan tahu di wadah (aku pake garpu biasa aja), tambahkan tumisan ayam yg udh dingin tadi, kemudian tambahkan kemangi yg udah di cuci bersih. Aduk sampai rata cicipin rasanya. Kalo udh pas tinggal dimasukkan ke daun pisang kecil². Kukus ± 30menit.";12;24;Makanan Keluarga;Rp 8.000;130;13;5.5;1.8;1.1;Peninggi Badan;Daging Ayam, Tahu, Tomat, Kunyit, Ketumbar;recipes/pepes_daging_ayam_tahu_mpasi.jpg
14;Dimsum Daging Ayam Labu Siam;Optimalkan 1000 hari pertama kehidupan si Kecil dengan **Dimsum Daging Ayam Labu Siam**. Menu ini diformulasikan khusus untuk usia 10 bulan dengan fokus pada penambah berat badan. Zat besi 1.2mg dan protein berkualitas tinggi di dalamnya membantu pembentukan sel darah merah dan imunitas yang kuat.;"- Komponen Gizi Jumlah Perkiraan Sumber Utama 

- 1/4 kg dada ayam 

- 1/2 buah labu siam uk. sedang 

- 1/2 sdt garam 

- 1 sdt kaldu bubuk 

- 1/2 sdt lada bubuk 

- 2 siung bawang putih 

- 1 batang daun bawang 

- 1 batang daun prei 

- 1 sdm terigu 

- 1 sdm kanji/tapioka (adonan untuk dewasa ditambah ini) 

- 20 pcs kulit pangsit/dimsum";"- Potong kasar dada ayam, labu siam, bangput, daun prei, kalo daun bawang iris kecil untuk taburan adonan terakhir 

- Campur garam, lada bubuk, kaldu bubuk, air es 1/2 gelas kecil ke dalam chopper tadi, chopper 2 menitan lalu isi kulit dimsum deh 

- Kalo untuk dewasa kasih tepung terigu dan tapioka/kanji tadi ya. Kalo aku bikin langsung tak paruh 1/2 adonan real daging ayam untuk kids friendly dan 1/2 adonan dicampur tepung untuk orangtuanya. Jadi sekitar 20 pcs dimsum kukus 15 menitan angkat deh cocol sama saos atau dimakan gitu aja udah sedep. Catatan: kalo untuk jualan kasih minyak wijen, saos tiram, minyak ikan makin sedep karena untuk mpasi anak jadi aku bahan seadanya di rumah hehe. Selamat mencoba";10;24;Makanan Jari;Rp 12.000;195;21;6;1.2;1;Penambah Berat Badan;Daging Ayam, Tahu, Tomat, Kunyit, Ketumbar;recipes/dimsum_daging_ayam_labu_siam.jpg
15;Abon Daging Ayam (Isian Lemper);Sebagai asupan peninggi badan, menu **Abon Daging Ayam (Isian Lemper)** ini sangat saya rekomendasikan untuk si Kecil usia 7 bulan ke atas. Kandungan protein 12.0g dan zat besi 1.0mg di dalamnya sangat krusial untuk mencegah stunting dan mendukung perkembangan otak. Tekstur bubur halus-nya dirancang aman untuk melatih kemampuan mengunyah bayi.;"- 500 gr dada ayam 

- 2 batang sereh 

- 3 lembar daun salam 

- 2 lembar daun jeruk 

- 7 siung bawang merah 

- 3 siung bawang putih 

- 3 ruas lengkuas 

- 2 batang sereh, diiris 

- 1 ruas jahe 

- 2 ruas kunyit 

- 65 ml santan instan 

- 1-2 sdm gula jawa 

- 1/4 sdt garam 

- 1/4 sdt penyedap 

- 1/4 sdt gula pasir rose brand";"- Siapkan bahan-bahan 

- Rebus dada ayam sampai matang bersama dengan sereh, salam dan daun jeruk 

- Suwir kecil² dada ayam sampai habis 

- Tumis bumbu halus tambahkan santan aduk merata. Baru tambahkan gula, garam dan penyedap. Aduk kembali. 

- Tambahkan suwiran dada ayam aduk kembali hingga merata. Kecilkan api kompor aduk sesekali sampai benar² mengering. Jika ingin tekstur lebih halus bisa dichopper lagi dan dimasak lagi hingga kering. 

- Ini saya setelah dichopper dimasak kembali sampai kering. 

- Abon ayam siap dihidangkan. Selamat mencoba";7;24;Bubur Halus;Rp 20.000;100;12;4;1;0.9;Peninggi Badan;Daging Ayam, Sereh, Jahe, Kunyit, Santan;recipes/abon_daging_ayam.jpg
16;Tumis Daging Ayam Tomat Tauge;Bunda, menu **Tumis Daging Ayam Tomat Tauge** adalah pilihan cerdas untuk fase tumbuh kembang usia 11 bulan. Dengan profil nutrisi yang kaya (20.3g protein), resep ini mendukung kenaikan berat badan yang sehat. Tekstur cincang kasar sangat pas untuk stimulasi oromotorik tanpa risiko tersedak.;"- 60 gram daging ayam giling 

- 1 buah tomat merah, buang biji, potong2 

- 20 gram tauge 

- 1 sdt bawang bombay cincang 

- 1 jari telunjuk daun bawang, iris tipis 

- 1/4 sdt ketumbar bubuk 

- 100 ml air";"- Tumis daging ayam tanpa minyak hingga berubah warna. 

- Masukkan bawang bombay, tomat, daun bawang dan ketumbar bubuk. 

- Aduk rata, tambahkan air, masak hingga mendidih. 

- Masukkan tauge, masak hingga semuanya matang dan empuk";11;24;Cincang Kasar;Rp 9.500;128;20.3;2.5;1.25;1.1;Peninggi Badan;Daging Ayam, Sereh, Jahe, Kunyit, Santan;recipes/tumis_daging_ayam_tomat_tauge.jpg
17;Perkedel Daging Ayam Sayur Kukus;Optimalkan 1000 hari pertama kehidupan si Kecil dengan **Perkedel Daging Ayam Sayur Kukus**. Menu ini diformulasikan khusus untuk usia 11 bulan dengan fokus pada peninggi badan. Zat besi 1.7mg dan protein berkualitas tinggi di dalamnya membantu pembentukan sel darah merah dan imunitas yang kuat.;"- 20 gram kuntum brokoli 

- 20 gram buncis, potong2 

- Perkedel Ayam 

- 60 gram kentang, potong2, kukus, haluskan 

- 60 gram daging ayam giling 

- 1 butir telur puyuh 

- 1 siung bawang putih ukuran kecil, cincang halus 

- 1 jari telunjuk daun bawang, iris tipis";"- Campur dan aduk rata kentang, daging ayam, telur puyuh, bawang putih dan daun bawang. 

- Bentuk sesuai selera sebanyak 9 potong. 

- Masak di atas teflon tanpa minyak hingga matang. 

- Kukus brokoli dan buncis selama 15 menit.";11;24;Makanan Jari;Rp 10.000;184;22.2;3.3;1.7;1.2;Peninggi Badan;Daging Ayam, Kentang, Brokoli, Telur Puyuh;recipes/perkedel_daging_ayam_sayur_kukus.jpg
18;Nasi Tim Kuah Soup Daging Ayam;Sebagai asupan penambah berat badan, menu **Nasi Tim Kuah Soup Daging Ayam** ini sangat saya rekomendasikan untuk si Kecil usia 11 bulan ke atas. Kandungan protein 14.9g dan zat besi 1.8mg di dalamnya sangat krusial untuk mencegah stunting dan mendukung perkembangan otak. Tekstur nasi tim-nya dirancang aman untuk melatih kemampuan mengunyah bayi.;"- 1 sdm beras

- 5 cm daging ayam (bagian dada, iris dadu kecil)

- 2 cm wortel (parut)

- 1/3 kentang ukuran sedang

- 2 kuncup brokoli hijau (rendam garam, lalu iris sedikit tipis)

- 2 butir telur puyuh

- 1 sdt kaldu bubuk

- 1/3 sdt garam

- 1 sdm minyak sayur

- 1 siung bawang putih (iris tipis/cincang halus)

- 1/3 sdt bumbu soup halus

- 300 ml air";"- Masukkan minyak dan tumis daging ayam setengah masak lalu campur dengan bawang putih hingga wangi (api kecil). 

- Setelah wangi, masukkan air. Ketika sudah mendidih masukkan beras, wortel, brokoli, kentang, telur puyuh (yang sudah kocok lepas), perbumbuan. 

- Sesekali diaduk agar bagian bawah tidak lengket. Tunggu hingga matang. 

- Nasi siap dihidangkan dengan cinta";11;18;Nasi Tim;Rp 11.000;311;14.9;17.2;1.8;1.4;Penambah Berat Badan;Daging Ayam, Kentang, Wortel, Telur puyuh;recipes/nasi_tim_kuah_soup_daging_ayam.jpg
19;Daging Ayam Pop MPASI;Bunda, menu **Daging Ayam Pop MPASI** adalah pilihan cerdas untuk fase tumbuh kembang usia 12 bulan. Dengan profil nutrisi yang kaya (31.5g protein), resep ini mendukung kenaikan berat badan yang sehat. Tekstur makanan keluarga sangat pas untuk stimulasi oromotorik tanpa risiko tersedak.;"- 4 potong ayam

- 1 buah wortel (opsional)

- 35 ml santan kental

- 1 batang sereh

- 1 ruas jari lengkuas

- 1/2 ruas jari jahe

- 3 lembar daun jeruk

- 1 lembar daun salam

- 2 siung bawang merah (saya tambahkan sedikit bawang bombai)

- 1 siung bawah putih

- Garam, gula, penyedap";"- Cincang halus bawang merah, bawang putih dan bawang bombai. Tumis di apir kecil hingga harum. Kemudian masukan sereh, lengkuas, jahe, daun salam dan daun jeruk

- Jika bumbu sudah layu dan harum, masukkan potongan ayam dan wortel, tambahkan air hingga semua potongan ayam terendam. Tutup hingga 15 menit

- Jika ayam sudah mulai empuk, masukkan santan, garam, gula dan penyedap. Tambahkan lada bubuk dan koreksi rasa

- Tutup panci kembali dan diamkan kurang lebih 15 menit atau hingga ayam empuk.

- Siap disajikan";12;24;Makanan Keluarga;Rp 13.000;211;31.5;6.6;1.5;1.3;Peninggi Badan;Daging Ayam, Wortel, Jahe, Santan, Penyedap;recipes/daging_ayam_pop_mpasi.jpg
20;Nasi Lembek Baso Ayam Sayuran;Optimalkan 1000 hari pertama kehidupan si Kecil dengan **Nasi Lembek Baso Ayam Sayuran**. Menu ini diformulasikan khusus untuk usia 9 bulan dengan fokus pada penambah berat badan. Zat besi 2.1mg dan protein berkualitas tinggi di dalamnya membantu pembentukan sel darah merah dan imunitas yang kuat.;"- Nasi Lembek Gurih

- 45 gram beras

- 450 ml air

- 50 gram santan

- 1 lembar daun jeruk

- 🫛 Baso Ayam Sayuran

- 45 gram daging ayam giling

- 25 gram kuntum brokoli

- 25 gram buncis

- 1 siung bawang putih ukuran kecil, cincang halus

- 1 jari telunjuk daun bawang, iris tipis

- 200 ml air";"- Nasi Lembek Gurih : Rebus air hingga mendidih. Masukkan beras, masak hingga matang. Masukkan daun jeruk dan santan, aduk rata. Masak hingga sat. Kukus selama 15 menit. Bagi tiga dan masukkan dalam wadah tertutup. 

- Baso Ayam Sayuran : Ambil 1 kuntum brokoli, cincang halus, campurkan dengan ayam giling dan bawang putih cincang, aduk rata. Bentuk jadi 12 bulatan. Rebus air hingga mendidih. Masukkan baso, masak sekitar 5 menit. Masukkan brokoli, buncis dan daun bawang. Masak dengan api kecil, tutup pan, selama 10 menit. Bagi tiga dan masukkan dalam wadah tertutup. Simpan dalam kulkas apabila belum dimakan. 

- Kukus selama 5 menit sebelum dimakan, kalau dari kulkas.";9;12;Nasi Lembek;Rp 12.000;371;14.8;15.6;2.1;1.5;Penambah Berat Badan;Santan, Nasi, Daging Ayam. Brokoli. Buncis;recipes/nasi_lembek_baso_ayam_sayuran.jpg
21;Sop Lobak Tuna Tempe;Sebagai asupan peninggi badan, menu **Sop Lobak Tuna Tempe** ini sangat saya rekomendasikan untuk si Kecil usia 9 bulan ke atas. Kandungan protein 5.8g dan zat besi 1.2mg di dalamnya sangat krusial untuk mencegah stunting dan mendukung perkembangan otak. Tekstur cincang halus-nya dirancang aman untuk melatih kemampuan mengunyah bayi.;"- 45gram jagung pipil

- 45gram fillet tuna, potong2

- 15gram lobak, potong2

- 15gram tempe, potong2

- 1 siung bawang putih ukuran kecil, iris tipis

- 1 buah bawang merah ukuran kecil, iris tipis

- 1 jari telunjuk daun bawang, iris tipis

- 100 ml air";"- Siapkan bahan2nya. 

- Masukkan ke dalam wadah tahan panas bawang putih, bawang merah, tuna, lobak, tempe dan daun bawang. Tambahkan air. 

- Kukus jagung dan sop selama 20 menit. Bagi tiga dan masukkan dalam wadah tertutup. Simpan dalam kulkas apabila belum dimakan. 

- Kukus selama 5 menit sebelum dimakan kalau dari kulkas.";9;12;Cincang Halus;Rp 9.000;145;5.8;2.8;1.2;0.8;Peninggi Badan;Jagung, Daging Ikan, Tempe;recipes/sop_lobak_tuna_tempe.jpg
22;Nasi Lembek Tuna Santan;Bunda, menu **Nasi Lembek Tuna Santan** adalah pilihan cerdas untuk fase tumbuh kembang usia 8 bulan. Dengan profil nutrisi yang kaya (6.0g protein), resep ini mendukung kenaikan berat badan yang sehat. Tekstur bubur kasar sangat pas untuk stimulasi oromotorik tanpa risiko tersedak.;"- 45gram beras

- 45gram fillet tuna

- 15gram labu siam, cincang

- 15 gram buncis, iris tipis

- 1 siung bawang putih ukuran kecil, iris tipis

- 1 buah bawang merah ukuran kecil, iris tipis

- 1 jari telunjuk daun bawang, iris tipis

- 50gram santan

- 500 ml air";"- Rebus air hingga mendidih. Masukkan beras, masak hingga matang. 

- Masukkan ke dalam wadah tahan panas bawang putih, bawang merah, daun bawang, buncis, tuna, labu siam dan santan. 

- Kukus nasi dan tuna selama 15 menit. Bagi tiga dan masukkan dalam wadah tertutup. Simpan dalam kulkas apabila belum dimakan. 

- Kukus selama 5 menit sebelum dimakan kalau dari kulkas.";8;12;Bubur Kasar;Rp 9.500;180;6;6.3;1.1;0.7;Penambah Berat Badan;Daging Ikan, Santan, Labu;recipes/nasi_lembek_tuna_santan.jpg
23;Nasi Lembek Tuna Tumis Sayur;Optimalkan 1000 hari pertama kehidupan si Kecil dengan **Nasi Lembek Tuna Tumis Sayur**. Menu ini diformulasikan khusus untuk usia 8 bulan dengan fokus pada peninggi badan. Zat besi 1.0mg dan protein berkualitas tinggi di dalamnya membantu pembentukan sel darah merah dan imunitas yang kuat.;"- 45gram beras

- 45gram fillet tuna, cincang

- 15gram wortel, cincang

- 15 gram kacang panjang, iris tipis

- 1 siung bawang putih ukuran kecil, cincang halus

- 1 lembar daun salam

- 1 lembar daun jeruk

- 1 ruas kecil kunyit, geprek

- 700 ml air";"- Rebus 500 ml air hingga mendidih. Masukkan beras, masak hingga matang. Kukus selama 15 menit. Bagi tiga dan masukkan dalam wadah tertutup. 

- Tumis bawang putih, kunyit, daun salam dan daun jeruk tanpa minyak hingga wangi. Masukkan tuna, masak hingga berubah warna. Tambahkan air, masak hingga mendidih. Masukkan wortel dan kacang panjang, masak hingga matang dan air hampir habis. Bagi tiga dan masukkan dalam wadah tertutup. Simpan dalam kulkas apabila belum dimakan. 

- Kukus selama 5 menit sebelum dimakan, kalau dari kulkas.";8;12;Bubur Kasar;Rp 9.000;120;5.5;3;1;0.6;Peninggi Badan;Daging Ikan, Wortel, Kacang Panjang, Kunyit;recipes/nasi_lembek_tuna_tumis_sayur.jpg
24;Nugget Nasi Ikan Kembung;Sebagai asupan penambah berat badan, menu **Nugget Nasi Ikan Kembung** ini sangat saya rekomendasikan untuk si Kecil usia 11 bulan ke atas. Kandungan protein 8.0g dan zat besi 1.5mg di dalamnya sangat krusial untuk mencegah stunting dan mendukung perkembangan otak. Tekstur makanan jari-nya dirancang aman untuk melatih kemampuan mengunyah bayi.;"- 2 ekor ikan kembung

- 2 lembar daun salam

- 1 centong nasi

- 1 siung bawang putih (iris tipis, goreng kering)

- 1/2 sdt garam

- 1 sdt kaldu bubuk

- 1 butir telur ayam

- 1 sdt minyak sayur

- 2 sdm tepung terigu

- secukupnya air

- 10-12 sdm tepung panir";"- Rebus ikan dengan daun salam sampai matang. Kemudian pisahkan tulangnya dan cincang kasar. 

- Masukkan nasi, garam, bubuk kaldu, bawang putih dan ikan yang sudah di cincang tadi dengan chopper/blender. 

- Setelah halus, tambahkan telur ayam, aduk rata. Lalu masukkan ke wadah (kaca) yang telah diolesi sedikit margarin. 

- Kukus selama 15-20 menit, balut tutup kukusan dengan kain agar uap air tidak menetes ke adonan nugget. 

- Setelah adonan sudah matang, angkat dan tunggu sampai dingin (suhu ruangan). 

- Potong sesuai keinginan, celupkan ke bahan pelapis tepung (tidak cair/tidak terlalu kental/tidak menggumpal) lalu gulingkan ke tepung panir. Pastikan semua permukaan tertutupi tepung panir. 

- Bisa disimpan dulu di kulkas agar lebih set. 

- Goreng di minyak panas api cenderung kecil sampai kecoklatan. 

- Cocok untuk makan berat ataupun cemilan sikecil.";11;24;Makanan Jari;Rp 12.000;210;8;9;1.5;1;Penambah Berat Badan;Daging ikan, nasi, telur ayam, tepung;recipes/nugget_nasi_ikan_kembung.jpg
25;Pepes Ikan Dori (Nasi Lembek);Bunda, menu **Pepes Ikan Dori (Nasi Lembek)** adalah pilihan cerdas untuk fase tumbuh kembang usia 7 bulan. Dengan profil nutrisi yang kaya (5.1g protein), resep ini mendukung kenaikan berat badan yang sehat. Tekstur bubur halus sangat pas untuk stimulasi oromotorik tanpa risiko tersedak.;"- 30 gram beras

- 75 gram fillet dori

- 10 gram kabocha, potong2

- 10 gram kacang merah, potong2

- 1 siung bawang putih ukuran kecil, cincang halus

- 1 buah bawang merah ukuran kecil, iris tipis

- 1 telunjuk daun bawang, iris tipis

- 1 lembar daun salam

- 400 ml air";"- Rebus air hingga mendidih. Masukkan beras, masak hingga matang. 

- Masukkan ke dalam wadah tahan panas bawang putih, bawang merah, daun bawang, daun salam, kabocha, kacang merah dan ikan dori. Tambahkan air. 

- Kukus nasi dan pepes selama 20 menit. Bagi tiga dan masukkan dalam wadah tertutup. Simpan dalam kulkas apabila belum dimakan. 

- Kukus selama 5 menit sebelum dimakan, kalau dari kulkas.";7;12;Bubur Halus;Rp 10.000;115;5.1;2.9;1;0.7;Peninggi Badan;Daging Ikan, Nasi, Kacang Merah, Kabocha;recipes/pepes_ikan_dori.jpg
26;Bubur Prohe Salmon Tempe;Optimalkan 1000 hari pertama kehidupan si Kecil dengan **Bubur Prohe Salmon Tempe**. Menu ini diformulasikan khusus untuk usia 6 bulan dengan fokus pada peninggi badan. Zat besi 1.4mg dan protein berkualitas tinggi di dalamnya membantu pembentukan sel darah merah dan imunitas yang kuat.;"- 40 gram Salmon/ Secukupnya untuk 2x makan (pagi dan sore)

- secukupnya tempe

- secukupnya wortel

- secukupnya nasi

- 1 lembar daun salam";"- Potong Salmon, kemudian masukan salmon ke dalam panci yang sudah dipanas kan tumis sebentar sampai keluar minyak dari salmonnya dan masukan daun salam sebagai aromatik 

- Masukan tempe dan wortel kemudian masukkan air 

- Setelah dirasa wortelnya sudah matang, masukkan nasi (semua takaran bahan di sesuaikan ya moms untuk 2x makan) 

- Setelah air menyusut matikan kompor kemudian saring makanan 

- Setelah semuanya di saring, makanan di bagi menjadi 2 wadah. wadah pertama untuk di pagi hari, wadah ke dua bisa disimpan dikulkas untuk sore";6;8;Bubur Halus;Rp 18.000;195;10.8;5.6;1.4;0.9;Peninggi Badan;Daging ikan, Tempe, Wortel, Nasi;recipes/bubur_prohe_salmon_tempe.jpg
27;Kukus Ikan Dori Kembang Kol;Sebagai asupan gizi seimbang, menu **Kukus Ikan Dori Kembang Kol** ini sangat saya rekomendasikan untuk si Kecil usia 6 bulan ke atas. Kandungan protein 5.0g dan zat besi 0.7mg di dalamnya sangat krusial untuk mencegah stunting dan mendukung perkembangan otak. Tekstur bubur halus-nya dirancang aman untuk melatih kemampuan mengunyah bayi.;"- 75 gram fillet dori

- 30 gram beras

- 25 gram kuntum kembang kol

- 25 gram buncis, potong2

- 400 ml air

- 1 lembar daun salam";"- Rebus air hingga mendidih. Masukkan beras, masak hingga matang. 

- Letakkan daun salam di dasar wadah tahan panas. Susun fillet dori di atasnya. 

- Kukus nasi, dori, kembang kol dan buncis selama 15 menit. Bagi tiga dan masukkan dalam wadah tertutup. Simpan dalam kulkas apabila belum dimakan. 

- Kukus selama 5 menit sebelum dimakan, kalau dari kulkas.";6;8;Bubur Halus;Rp 14.000;100;5;1.8;0.7;0.4;Gizi Seimbang;Daging Ikan, Kembang Kol, Buncis;recipes/kukus_ikan_dori_kembang_kol.jpg
28;Abon Ikan Kembung Homemade;Bunda, menu **Abon Ikan Kembung Homemade** adalah pilihan cerdas untuk fase tumbuh kembang usia 8 bulan. Dengan profil nutrisi yang kaya (7.0g protein), resep ini mendukung kenaikan berat badan yang sehat. Tekstur taburan/halus sangat pas untuk stimulasi oromotorik tanpa risiko tersedak.;"- 350 gram ikan kembung

- 4 lembar daun jeruk

- 1 batang serai

- 7 siung bawang merah,

- 5 siung bawang putih

- 1 sdm ketumbar

- 1 sdt kunyit bubuk

- 2 jumput gula

- 1 sdt garam

- 1 sdt kaldu jamur";"- Siapkan ikan kembung yang sudah dikukus, dipisahkan dari durinya, dan sdh di chopper. 

- Semua bumbu dicampur dan dihaluskan. Kecuali gula, daun jeruk, dan serai. 

- Berikan minyak secukupnya lalu tumis bumbu hingga harum. 

- Setelah harum, masukkan ikan kembung dan serai. Tambahkan gula. Kecilkan api. 

- Aduk aduk sampai kering dan warna berubah menjadi kuning kecoklatan, dengan masih menggunakan api kecil. Lalu, angkat dan tiriskan sampai dingin.";8;24;Taburan/Halus;Rp 25.000;85;7;5;1.8;1.2;Peninggi Badan;Daging Ikan, Serai, Kunyit, Kaldu;recipes/abon_ikan_kembung_homemade.jpg
29;Ikan Steam Jahe Tomat;Optimalkan 1000 hari pertama kehidupan si Kecil dengan **Ikan Steam Jahe Tomat**. Menu ini diformulasikan khusus untuk usia 12 bulan dengan fokus pada gizi seimbang. Zat besi 1.2mg dan protein berkualitas tinggi di dalamnya membantu pembentukan sel darah merah dan imunitas yang kuat.;"- 3 ekor ikan

- 1 ruas jahe

- 2 buah bawang merah

- 3 buah bawang putih

- 1/2 buah jeruk nipis

- 1/2 buah tomat

- Brokoli

- 1 batang sereh

- 4 lembar daun jeruk

- Saos tiram

- Garam";"- Iris bawang merah, bawang putih, jahe, tomat 

- Dalam wadah, masukkan ikan dan perbumbuan yang sudah diiris, kasih perasan jeruk nipis, sedikit garam, dan saos tiram 

- Kukus selama 30 menit. 5 menit terakhir masukkan brokoli, lalu kukus sampai matang";12;24;Makanan Keluarga;Rp 13.000;150;10;6.5;1.2;1;Gizi Seimbang;Daging ikan, Jahe, Tomat;recipes/ikan_steam_jahe_tomat.jpg
30;Bubur Ikan Lele Santan;Sebagai asupan penambah berat badan, menu **Bubur Ikan Lele Santan** ini sangat saya rekomendasikan untuk si Kecil usia 10 bulan ke atas. Kandungan protein 4.5g dan zat besi 1.0mg di dalamnya sangat krusial untuk mencegah stunting dan mendukung perkembangan otak. Tekstur cincang halus-nya dirancang aman untuk melatih kemampuan mengunyah bayi.;"- 30 gram beras

- 30 gram fillet lele

- 10 gram wortel, cincang halus

- 10 gram edamame, cincang halus

- 450 ml air

- 30 gram santan";"- Siapkan bahan2nya. 

- Tumis lele hingga berubah warna. Sisihkan. Periksa lagi apakah masih ada duri. 

- Rebus air hingga mendidih. Masukkan beras, masak hingga air berkurang setengahnya. Masukkan tumisan lele, wortel dan edamame. Masak hingga bubur matang. Tambahkan santan, masak hingga sat. 

- Saring bubur. Ambil bubur yg di bagian bawah saringan. Buang ampas yg di atas saringan. Bagi dua dan simpan dalam wadah tertutup. Masukkan kulkas kalau belum dimakan. 

- Kukus bubur selama 5 menit sebelum dimakan, kalau dari kulkas.";10;12;Cincang Halus;Rp 8.000;160;4.5;4.8;1;0.8;Penambah Berat Badan;Daging Ikan, Wortel, Edamame, Santan;recipes/bubur_ikan_lele_santan.jpg
31;Puding Telur Susu;Bunda, menu **Puding Telur Susu** adalah pilihan cerdas untuk fase tumbuh kembang usia 10 bulan. Dengan profil nutrisi yang kaya (8.7g protein), resep ini mendukung kenaikan berat badan yang sehat. Tekstur puding lembut sangat pas untuk stimulasi oromotorik tanpa risiko tersedak.;"- 1 butir kuning telur bebek

- 100 ml susu UHT

- 1 sdm santan

- secukupnya keju parut";"- Campur dan aduk rata semua bahan 

- Masukkan ke dalam wadah tahan panas 

- Kukus selama 20 menit";10;24;Puding Lembut;Rp 6.000;244;8.7;19.9;0.9;0.6;Penambah Berat Badan;Telur, Susu, Santan, Keju;recipes/puding_telur_susu.jpg
32;Bubur Makaroni Susu Telur;Optimalkan 1000 hari pertama kehidupan si Kecil dengan **Bubur Makaroni Susu Telur**. Menu ini diformulasikan khusus untuk usia 11 bulan dengan fokus pada gizi seimbang. Zat besi 1.1mg dan protein berkualitas tinggi di dalamnya membantu pembentukan sel darah merah dan imunitas yang kuat.;"- 2 sdm macaroni

- 1 telur ayam

- 60 ml susu formula / susu uht

- jari kelingking Wortel ukuran

- secukupnya Keju parut";"- Rebus macaroni hingga empuk. Lalu tiriskan. 

- Parut keju dan wortel. Lalu masukkan ke dalam wadah yang berisi susu. 

- Masukkan telur ayam ke dalam wadah yang berisi susu, wortel dan keju tadi. Lalu panaskan ke dalam teflon. 

- Setelah itu masukkan macaroni yg sudah empuk tadi ke dalam adonan teflon. Aduk aduk lalu tes rasa.";11;24;Cincang Halus;Rp 8.000;221;13;11;1.1;0.8;Gizi Seimbang;Telur, Susu, Wortel, Keju;recipes/bubur_makaroni_susu_telur.jpg
33;Roti Tawar Susu Telur Puyuh;Sebagai asupan penambah berat badan, menu **Roti Tawar Susu Telur Puyuh** ini sangat saya rekomendasikan untuk si Kecil usia 9 bulan ke atas. Kandungan protein 8.9g dan zat besi 1.5mg di dalamnya sangat krusial untuk mencegah stunting dan mendukung perkembangan otak. Tekstur bubur kental-nya dirancang aman untuk melatih kemampuan mengunyah bayi.;"- 1 lembar roti tawar

- 80 ml sufor / susu uht

- 3 buah telur puyuh

- 2 sdm tepung maizena

- 1 sdm margarin

- 1 lembar daun pandan";"- Buang pinggiran coklat pada roti tawar 

- Gunting roti kecil kecil sesuai selera 

- Siapkan susu, dan telur. Aduk aduk lalu masukkan tepung maizena. Agar sedikit mengental 

- Panaskan teflon dengan sedikit margarin. Masukkan campuran susu, telur dan maizena tadi. 

- Tambahkan daun pandan. Agar wangi ketika matang 

- Aduk aduk sampai mengental, lalu masukkan potongan roti tawar tadi. Tunggu hingga mengental baru matikan kompor.";9;12;Bubur Kental;Rp 7.000;323;8.9;18;1.5;1;Penambah Berat Badan;Gandum, Susu, Telur, Margarin;recipes/mpasi_roti_tawar_susu_puyuh.jpg
34;Snack Booster Ubi Susu;Bunda, menu **Snack Booster Ubi Susu** adalah pilihan cerdas untuk fase tumbuh kembang usia 6 bulan. Dengan profil nutrisi yang kaya (13.5g protein), resep ini mendukung kenaikan berat badan yang sehat. Tekstur bubur halus sangat pas untuk stimulasi oromotorik tanpa risiko tersedak.;"- 1 Ubi putih/kuning/ungu

- 1 butir telur ayam

- secukupnya Keju parut

- 60 ml sufor/asi/susu uht

- 1 sdm santan

- 2 sdm tepung terigu

- 1 sdm tepung maizena

- secukupnya Margarin

- Garam secukupnya (optional)";"- Siapkan dandang untuk mengukus ubi. Kukus ubi sekitar 15 menit. Tunggu hingga empuk 

- Siapkan teflon dan margarin, lalu masukkan susu, santan, keju dan telur, lalu aduk aduk, tunggu hingga mendidih. 

- Setelah mendidih lumatkan ubi dengan garpu, blender atau alat lain untuk melembutkan. 

- Setelah itu campur kan semua bahan ke dalam ubi tadi, masukkan tepung terigu dan tepung maizena. Tambahkan sedikit garam. 

- Lalu aduk aduk hingga tercampur rata. Setelah itu goreng dengan api kecil. Setelah warna keemasan, angkat dan tiriskan. Selamat mencoba.";6;9;Bubur Halus;Rp 9.000;391;13.5;17.8;1.2;0.9;Penambah Berat Badan;Ubi, Telur, Keju, Susu, Santan, Margarin;recipes/mpasi_snack_booster_ubi_susu.jpg
35;Panacotta Strawberry MPASI;Optimalkan 1000 hari pertama kehidupan si Kecil dengan **Panacotta Strawberry MPASI**. Menu ini diformulasikan khusus untuk usia 7 bulan dengan fokus pada penambah berat badan. Zat besi 0.5mg dan protein berkualitas tinggi di dalamnya membantu pembentukan sel darah merah dan imunitas yang kuat.;"- 200 ml susu UHT (saya pakai merk ultramilk) plain

- 5 gr agar-agar plain (1 sendok teh)

- 10 gr keju cheddar parut

- 1 buah kuning telur

- 5 buah strawberry

- Sejumput gula (untuk adonan selai, opsional)";"- Campur dan aduk semua bahan (susu UHT, keju parut, kuning telur & agar-agar plain) dalam satu wadah, kemudian saring dan masukkan ke dalam panci/Teflon 

- Nyalakan kompor pada api kecil dan masak sambil diaduk perlahan hingga adonan meletup-letup (tanda sudah matang)Bagi adonan ke dalam 2 wadah sama rata, boleh satu wadah jika anak bisa langsung makan habis kemudian tunggu hingga set 

- Untuk selai strawberry, cuci buah dan cincang kasar/setengah kasar. Kemudian masak dengan tambahkan sedikit air dan gula (opsional) hingga mendapat kekentalan yang diinginkan 

- Jika adonan sudah set/setengah set tuang selai strawberry diatasnya. Karena milik saya kurang set, jadi selai nya tenggelam dan tercampur 

- Selanjutnya, simpan dalam chiller. Nikmati dalam kondisi dingin";7;24;Puding Lembut;Rp 8.500;253;12.4;15.4;0.5;0.4;Penambah Berat Badan;Susu, Keju, Telur;recipes/mpasi_panacotta_strawberry.jpg
36;Sup Krim Jamur Champignon;Sebagai asupan penambah berat badan, menu **Sup Krim Jamur Champignon** ini sangat saya rekomendasikan untuk si Kecil usia 6 bulan ke atas. Kandungan protein 13.1g dan zat besi 1.0mg di dalamnya sangat krusial untuk mencegah stunting dan mendukung perkembangan otak. Tekstur bubur halus-nya dirancang aman untuk melatih kemampuan mengunyah bayi.;"- 2 buah Jamur Champignon

- 1 butir telur

- 200 ml susu full cream

- 1/4 potong bawang bombai (bisa diskip)

- 2 biji bawang putih

- 2 biji bawang merah

- 1 1/2 sdm Penyedap rasa mpasi

- 1/2 sdt merica

- Sedikit parsley

- 1 sendok tepung terigu (aku pakai Gasol tepung beras organik, tepung terigu biasa juga bisa)

- 2 sdm minyak kelapa (aku pake Barco)";"- Iris bawang merah, bawang putih, dan bawang bombay 

- Masukan minyak kelapa dan tumis perbawangan, setelah wangi masukan jamur champignon sampai layu kemudian tambahkan tepung beras 

- Setelah tercampur semua masukan susu full cream lalu tambahkan telur sambil diaduk 

- Tambahkan penyedap rasa, merica, dan parsley 

- Selesai Jangan lupa koreksi rasa. Selamat menikmati";6;10;Bubur Halus;Rp 10.000;358;13.1;26.4;1;0.7;Penambah Berat Badan;Jamur, Telur, Susu, MSG;recipes/sup_krim_jamur_champignon.jpg
37;Snack Banana Cheesecake;Bunda, menu **Snack Banana Cheesecake** adalah pilihan cerdas untuk fase tumbuh kembang usia 8 bulan. Dengan profil nutrisi yang kaya (14.1g protein), resep ini mendukung kenaikan berat badan yang sehat. Tekstur makanan jari sangat pas untuk stimulasi oromotorik tanpa risiko tersedak.;"- 1 Buah Pisang Cavendish Matang (kalo pake pisang kecil 2buah)

- 125 ml Susu UHT

- Secukupnya Keju Parut

- 1 Butir Telur Ayam

- 1 sdm Butter / Margarin (opsional biar lebih wangi)";"- Panaskan Kukusan. Lapisi tutupnya pake kain 

- Blender semua bahan sampai halus dan tercampur semua 

- Foto langkah ke 2 dari resep Banana Cheesecake (Snack Mpasi Start 6bulan). 

- Bagi 2 ke dalam wadah kaca tahan panas. Beri topping keju parut. (Untuk usia 6bulan disaring yaa) 

- Kukus selama kurleb 20menit. Angkat dan sajikan";8;24;Makanan Jari;Rp 11.000;299;14.1;13.4;0.6;0.5;Penambah Berat Badan;Susu, Keju, Telur, Margarin;recipes/snack_mpasi_banana_cheesecake.jpg
38;Pancake Pisang Bayam Oat;Optimalkan 1000 hari pertama kehidupan si Kecil dengan **Pancake Pisang Bayam Oat**. Menu ini diformulasikan khusus untuk usia 11 bulan dengan fokus pada peninggi badan. Zat besi 1.8mg dan protein berkualitas tinggi di dalamnya membantu pembentukan sel darah merah dan imunitas yang kuat.;"2 buah pisang apa aja atau 1 pisang candevis klo gede

- 1 buah telur ayam kampung

- 5 sdm instant oat atau tepung oat

- 5 lembar besar bayam

- 5 sdm susu uht";"- Masukan semua bahan ke dalam blender atau choper haluskan 

- Sesuaikan aja teksturnya klo kurang tepung maka boleh ditambahkan ya, kasih sedikit gula/ honey (opsional) klo pisang udah manis gak usah kasih tambahan lagi 

- Panaskan mentega cetak deh pancakenya. masak kedua sisi, laku tata dipiring";11;24;Makanan Jari;Rp 7.500;493;20.8;12.3;1.8;1;Peninggi Badan;Telur, Gandum, Bayam, Susu;recipes/pancake_pisang_bayam_oat.jpg
39;French Toast Abon MPASI;Sebagai asupan gizi seimbang, menu **French Toast Abon MPASI** ini sangat saya rekomendasikan untuk si Kecil usia 9 bulan ke atas. Kandungan protein 15.0g dan zat besi 1.5mg di dalamnya sangat krusial untuk mencegah stunting dan mendukung perkembangan otak. Tekstur makanan jari-nya dirancang aman untuk melatih kemampuan mengunyah bayi.;"- 2 lembar roti tawar - buang pinggira

- 1 telur ayam kampung / negeri

- 3 sdm Susu UHT

- 1/2 sdm mentega/ butter

- secukupnya cinnamon powder

- 1 sdm abon bumboo";"- Potong pinggiran roti olesi dengan mentega/ butter lalu taburi abon sebagai isian di satu sisi roti, lalu rapatkan 

- Masukan telur, susu dan cinnamon powder ke dalam mangkok dan kocok lepas, lalu celupkan roti kedalamnya 

- Panaskan mentega/ butter, lalu panggang k teflon yang sudah ada butter/mentega, tuang sisa telur keatasnya 

- Lalu dibalik ya pastikan dua sisi terpanggang sempurna";9;24;Makanan Jari;Rp 8.000;294;15;14.8;1.5;1.2;Gizi Seimbang;Gandum, Telur, Susu, Mentega;recipes/french_toast_abon_mpasi.jpg
40;Bubur Jagung Susu Keju;Bunda, menu **Bubur Jagung Susu Keju** adalah pilihan cerdas untuk fase tumbuh kembang usia 12 bulan. Dengan profil nutrisi yang kaya (13.5g protein), resep ini mendukung kenaikan berat badan yang sehat. Tekstur bubur kental sangat pas untuk stimulasi oromotorik tanpa risiko tersedak.;"- 2 buah jagung (dipipil)

- 1 sdm tepung terigu

- 4 sdm maizena

- 2 sdm fiber creme

- 2 sdm gula pasir

- 1/2 sdt garam

- 100 mL susu UHT full cream

- 750 mL air

- 1 lembar daun pandan

- secukupnya keju parut";"- Siapkan bahan-bahannya. 

- Blender 2 buah jagung yang telah dipipil. 

- Siapkan adonan : larutkan tepung terigu dengan sedikit air, larutkan maizena dengan sedikit air, larutkan fiber creme dengan air panas (minimal 70 derajat). 

- Rebus air bersama daun pandan. 

- Masukkan jagung yang sudah diblender, aduk. 

- Masukkan susu UHT full cream, aduk. 

- Masukkan larutan tepung terigu, aduk. 

- Masukkan gula dan garam, aduk rata, dan tes rasa. Jika kurang manis, dapat ditambahkan gula. Begitu juga garamnya. 

- Masukkan larutan maizena. Aduk rata hingga tidak ada maizena atau tepung yang menggumpal. Setelah beberapa saat, bubur jagung akan sedikit mengental. 

- Masukkan larutan fiber creme, aduk rata. Meskipun mendidih, api jangan dimatikan. Tetap aduk hingga tanak. 

- Setelah tanak, matikan api. Sajikan di mangkuk, kemudian tambahkan topping parutan keju. 

- Bubur siap dihidangkan dengan rasa manis, legit, dan gurih.";12;24;Bubur Kental;Rp 9.000;621;13.5;14.7;0.8;0.8;Penambah Berat Badan;Jagung, Susu, Keju;recipes/bubur_jagung_mpasi_1plus.jpg
41;Telur Ceplok Sayuran Kukus;Optimalkan 1000 hari pertama kehidupan si Kecil dengan **Telur Ceplok Sayuran Kukus**. Menu ini diformulasikan khusus untuk usia 12 bulan dengan fokus pada gizi seimbang. Zat besi 1.2mg dan protein berkualitas tinggi di dalamnya membantu pembentukan sel darah merah dan imunitas yang kuat.;"- 45 gram kentang, potong memanjang

- 1 butir telur ayam

- 15 gram wortel, potong memanjang

- 15 gram buncis, potong";"- Kukus kentang selama 5 menit. Masukkan wortel dan buncis, lalu kukus semuanya selama 15 menit. Bagi dua dan simpan dalam wadah tertutup. 

- Buat telor ceplok di atas teflon tanpa dioles minyak. Bagi dua dan masukkan dalam wadah tertutup. Simpan dalam kulkas apabila belum dimakan. 

- Kukus selama 5 menit sebelum dimakan kalau dari kulkas.";12;24;Makanan Keluarga;Rp 5.000;128;7.4;5.1;1.2;0.6;Gizi Seimbang;Kentang, Telur, Wortel, Buncis;recipes/telur_ceplok_sayuran_kukus.jpg
42;Orak Arik Telur Sayur;Sebagai asupan penambah berat badan, menu **Orak Arik Telur Sayur** ini sangat saya rekomendasikan untuk si Kecil usia 10 bulan ke atas. Kandungan protein 12.2g dan zat besi 1.8mg di dalamnya sangat krusial untuk mencegah stunting dan mendukung perkembangan otak. Tekstur cincang kasar-nya dirancang aman untuk melatih kemampuan mengunyah bayi.;"- 75 gram kentang, potong memanjang

- 1 butir telur bebek

- 25 gram wortel, potong memanjang

- 25 gram buncis, potong2";"- Orak-arik telur bebek di atas teflon tanpa minyak. Bagi tiga dan simpan dalam wadah tertutup. 

- Kukus kentang, wortel dan buncis selama 15 menit. Bagi tiga dan masukkan dalam wadah tertutup. Simpan dalam kulkas apabila belum dimakan. 

- Kukus selama 5 menit sebelum dimakan, kalau dari kulkas.";10;24;Cincang Kasar;Rp 6.000;231;12.2;15.7;1.8;1.1;Penambah Berat Badan;Kentang, Telur, Wortel, Buncis;recipes/orak_arik_telur_sayur.jpg
43;Scramble Telur BB Booster;Bunda, menu **Scramble Telur BB Booster** adalah pilihan cerdas untuk fase tumbuh kembang usia 6 bulan. Dengan profil nutrisi yang kaya (10.0g protein), resep ini mendukung kenaikan berat badan yang sehat. Tekstur bubur halus sangat pas untuk stimulasi oromotorik tanpa risiko tersedak.;"- 2 butir telur ayam (ayam biasa/ kampung)

- 1/4 gelas santan atau 1/2 kotak susu UHT

- Secukupnya keju Mpasi

- 1/2 sdm bumbu kaldu ayam mpasi

- 1 sdm chicken fat oil

- Secukupnya butter/mentega no lemak";"- Siapkan bahan-bahan. 

- Pecahkan 2 butir telur, tambahkan bumbu kaldu mpasi, fat oil, keju mpasi & 1/4 gelas santan. kocok sampai tercampur. 

- Panaskan teflon dan masukkan butter/mentega 

- Masukkan telur yang sudah di beri bumbu lengkap, tunggu sebentar. Lalu aduk2 sampai berbentuk kecil2 halus. 

- Tunggu sampai benar2 matang lalu angkat dan hidangkan. Bisa ditanbahkan lauk yang lain.. seperti abon/protein lainnya. Menu ini di buat untuk baby yg sedang bosan nasi:)";6;12;Bubur Halus;Rp 10.000;213;10;18.2;1.5;1;Penambah Berat Badan;Telur, Santan, Susu, Keju, Kaldu, Mentega;recipes/scramble_telur_bb_booster.jpg
44;Sayur Lodeh Telur Bebek;Optimalkan 1000 hari pertama kehidupan si Kecil dengan **Sayur Lodeh Telur Bebek**. Menu ini diformulasikan khusus untuk usia 10 bulan dengan fokus pada penambah berat badan. Zat besi 1.4mg dan protein berkualitas tinggi di dalamnya membantu pembentukan sel darah merah dan imunitas yang kuat.;"- 75 gram kentang, potong kecil2

- 1 butir telur bebek

- 25 gram kabocha, potong kecil2

- 25 gram buncis, potong kecil2

- 1 siung bawang putih ukuran kecil, iris tipis

- 1 buah bawang merah ukuran kecil, iris tipis

- 1 lembar daun salam

- 1 ruas jari kelingking lengkuas

- 450 ml air

- 50 gram santan";"- Rebus telur bebek selama 20 menit. Kupas dan bagi jadi 6 bagian. Simpan dalam wadah tertutup. 

- Rebus air hingga mendidih. Masukkan daun salam, lengkuas, bawang merah, bawang putih, kentang, kabocha dan buncis. Masak hingga sayuran matang. Tambahkan santan, masak sekitar 2 menit. Matikan api. Bagi tiga dan simpan dalam wadah tertutup. Masukkan kulkas kalau belum dimakan. 

- Kukus selama 5 menit sebelum dimakan, kalau dari kulkas.";10;24;Cincang Halus;Rp 8.000;165;6.4;11;1.4;0.9;Penambah Berat Badan;Kentang, Telur, Buncis. Santan;recipes/sayur_lodeh_telur_bebek.jpg
45;Nasi Uduk Lembek Telur;Sebagai asupan penambah berat badan, menu **Nasi Uduk Lembek Telur** ini sangat saya rekomendasikan untuk si Kecil usia 9 bulan ke atas. Kandungan protein 7.4g dan zat besi 1.1mg di dalamnya sangat krusial untuk mencegah stunting dan mendukung perkembangan otak. Tekstur bubur kasar-nya dirancang aman untuk melatih kemampuan mengunyah bayi.;"- 1 butir telur ayam, kocok lepas

- 25 gram kuntum brokoli

- 30 gram beras merah

- 10 gram kacang merah, potong2

- 1 buah bawang merah ukuran kecil, parut

- 1 lembar daun salam

- 1 ruas jempol kayu manis

- 1/2 ruas lengkuas, geprek

- 350 ml air

- 50 ml santan";"- Buat dadar telur. Bagi tiga dan masukkan dalam wadah tertutup. 

- Tumis bawang merah, daun salam, kayumanis dan lengkuas tanpa minyak hingga harum. Masukkan air, masak hingga mendidih. Masukkan beras, masak hingga matang. Masukkan santan, aduk rata. Masak hingga sat. Matikan api. Masukkan kacang merah, aduk rata. 

- Kukus nasi dan brokoli selama 15 menit. Bagi tiga dan simpan dalam wadah tertutup. Masukkan kulkas kalau belum dimakan. 

- Kukus selama 5 menit sebelum dimakan, kalau dari kulkas.";9;24;Bubur Kasar;Rp 6.000;150;7.4;8.5;1.1;0.7;Penambah Berat Badan;Telur, Brokoli, Gandum, Kacang, Santan;recipes/nasi_uduk_lembek_telur.jpg
46;Nasi Lembek Telur Orak Arik;Bunda, menu **Nasi Lembek Telur Orak Arik** adalah pilihan cerdas untuk fase tumbuh kembang usia 9 bulan. Dengan profil nutrisi yang kaya (9.2g protein), resep ini mendukung kenaikan berat badan yang sehat. Tekstur bubur kasar sangat pas untuk stimulasi oromotorik tanpa risiko tersedak.;"- 30 gram beras

- 1 butir telur ayam, kocok lepas

- 25 gram wortel, potong2

- 25 gram tahu, potong2

- 400 ml air";"- Buat orak-arik telur. Bagi tiga dan simpan dalam wadah tertutup 

- Rebus air hingga mendidih. Masukkan beras, masak hingga matang. 

- Kukus nasi, wortel dan tahu selama 15 menit. Bagi tiga dan masukkan dalam wadah tertutup. Simpan dalam kulkas apabila belum dimakan. 

- Kukus selama 5 menit sebelum dimakan, kalau dari kulkas.";9;24;Bubur Kasar;Rp 5.000;160;9.2;6.1;1.2;0.8;Gizi Seimbang;Gandum, Telur, Wortel, Tahu, Kedelai;recipes/nasi_lembek_telur_orak_arik.jpg
47;Puding Promina Telur Bebek;Optimalkan 1000 hari pertama kehidupan si Kecil dengan **Puding Promina Telur Bebek**. Menu ini diformulasikan khusus untuk usia 8 bulan dengan fokus pada penambah berat badan. Zat besi 1.6mg dan protein berkualitas tinggi di dalamnya membantu pembentukan sel darah merah dan imunitas yang kuat.;"- 1 buah telur bebek

- 1 sachet puding primina strawberry1

- Secukupnya vanilli bubuk

- 80 ml susu uht plain. Bisa juga diganti santan";"- Siapkan vanilli 

- Campurkan susu uht plain dan telur kocok. 

- Masak hingga mendidih 

- Masukkan puding promina. Asuk rata dengan cepat 

- Segera pindah ke cetakan";8;24;Puding Lembut;Rp 7.000;205;10.7;14.2;1.6;1.1;Penambah Berat Badan;Telur, Susu;recipes/puding_promina_telur_bebek.jpg
48;Egg Drop Soup Jagung;Sebagai asupan gizi seimbang, menu **Egg Drop Soup Jagung** ini sangat saya rekomendasikan untuk si Kecil usia 6 bulan ke atas. Kandungan protein 10.7g dan zat besi 1.3mg di dalamnya sangat krusial untuk mencegah stunting dan mendukung perkembangan otak. Tekstur bubur halus-nya dirancang aman untuk melatih kemampuan mengunyah bayi.;"- 5 telur

- 1 wortel besar potong dadu kecil2

- 1 Jagung manis pipil

- 1 bawang merah agak besar / 2-3 bamer kecil (iris-iris)

- 3 baput (iris)

- Sedikit lada

- 2 batang yg besar daun seledri (iris2)

- 1 sdm Tepung tapioca aduk dengan 100 ml air

- 1 sdm minyak wijen

- Secukupnya air untuk kuah

- Kaldu ayam/sapi organik

- Secukupnya Garam

- 2 tetes Stevia";"- Tumis bamer dan baput dengan minyak secukupnya 

- Tambahkan air smpai Semana kuah yg diinginkan (sesuaikan sama jumlah telur) 

- Masukkan wortel, jagung. Masak sampai setengah matang. 

- Masukkan tepung tapioca yg sudah diaduk dgn air. Aduk2 smpai kuah mengental 

- Masukkan telur yg sudah di kocok lepas, diamkan sebentar 10-13 detik. Aduk perlahan searah jarum jam. 

- Masukkan daun seledri, kaldu, garam, stevia 2 tetes. Aduk2 

- Tambahkan 1 sdm minyak wijen 

- Tes rasa. Sajikan soup hangat2. Yummyyy";6;24;Bubur Halus;Rp 8.000;146;10.7;9;1.3;0.8;Gizi Seimbang;Telur, Minyak Wijen;recipes/egg_drop_soup_jagung.jpg
49;Nasi Tim Daging Sapi Wortel;Bunda, menu **Nasi Tim Daging Sapi Wortel** adalah pilihan cerdas untuk fase tumbuh kembang usia 9 bulan. Dengan profil nutrisi yang kaya (11.5g protein), resep ini mendukung kenaikan berat badan yang sehat. Tekstur nasi tim sangat pas untuk stimulasi oromotorik tanpa risiko tersedak.;"- 3 sdm beras, cuci bersih

- 30 gr daging sapi giling

- 1/2 buah wortel, parut kasar

- 1 siung bawang putih, cincang halus

- 1 lembar daun salam

- 300 ml air kaldu sapi/air biasa

- 1 sdt minyak kelapa/minyak sayur";"- Panaskan minyak, tumis bawang putih hingga harum.

- Masukkan daging sapi, aduk hingga berubah warna.

- Tambahkan air kaldu dan daun salam, didihkan.

- Masukkan beras dan wortel, masak dengan api kecil sambil sesekali diaduk.

- Masak hingga air menyusut dan menjadi nasi tim yang lunak.

- Angkat, buang daun salam, sajikan hangat.";9;12;Nasi Tim;Rp 15.000;180;11.5;6;2.5;3.8;Peninggi Badan;Daging Sapi, Wortel;recipes/nasi_tim_daging_sapi_wortel.jpg
50;Bubur Sapi Brokoli Keju;Optimalkan 1000 hari pertama kehidupan si Kecil dengan **Bubur Sapi Brokoli Keju**. Menu ini diformulasikan khusus untuk usia 7 bulan dengan fokus pada peninggi badan. Zat besi 2.8mg dan protein berkualitas tinggi di dalamnya membantu pembentukan sel darah merah dan imunitas yang kuat.;"- 2 sdm beras putih

- 30 gr daging sapi giling

- 3 kuntum brokoli, cincang halus

- 1 sdt keju parut

- 1 siung bawang merah, iris tipis

- 250 ml air kaldu sapi";"- Rebus beras dengan air kaldu hingga setengah matang.

- Masukkan daging sapi dan bawang merah, aduk rata.

- Tambahkan brokoli, masak hingga semua bahan lunak dan air menyusut.

- Masukkan keju parut, aduk hingga leleh.

- Haluskan dengan saringan atau blender sesuai tekstur yang diinginkan.

- Sajikan.";7;9;Bubur Halus;Rp 16.500;165;10;5.5;2.8;3.5;Peninggi Badan;Daging Sapi, Brokoli, Keju;recipes/bubur_sapi_brokoli_keju.jpg
51;Sup Bola Daging Sapi;Sebagai asupan gizi seimbang, menu **Sup Bola Daging Sapi** ini sangat saya rekomendasikan untuk si Kecil usia 11 bulan ke atas. Kandungan protein 14.0g dan zat besi 3.0mg di dalamnya sangat krusial untuk mencegah stunting dan mendukung perkembangan otak. Tekstur potongan kecil-nya dirancang aman untuk melatih kemampuan mengunyah bayi.;"- 50 gr daging sapi giling

- 1 sdm tepung tapioka

- 1/2 wortel, potong dadu kecil

- 1/2 kentang, potong dadu kecil

- 1 batang daun bawang, iris

- 1 siung bawang putih, haluskan

- 300 ml air kaldu

- Garam dan gula secukupnya (opsional untuk >1 tahun)";"- Campur daging sapi, tapioka, dan sedikit garam, bulatkan kecil-kecil.

- Didihkan air kaldu, masukkan bola daging, masak hingga mengapung.

- Masukkan wortel dan kentang, masak hingga empuk.

- Tambahkan daun bawang dan bawang putih.

- Koreksi rasa, sajikan dengan nasi hangat.";11;24;Makanan Keluarga;Rp 18.000;210;14;7;3;4;Gizi Seimbang;Daging Sapi, Wortel, Kentang;recipes/sup_bola_daging_sapi.jpg
52;Perkedel Kentang Daging Sapi;Bunda, menu **Perkedel Kentang Daging Sapi** adalah pilihan cerdas untuk fase tumbuh kembang usia 10 bulan. Dengan profil nutrisi yang kaya (9.5g protein), resep ini mendukung kenaikan berat badan yang sehat. Tekstur makanan jari sangat pas untuk stimulasi oromotorik tanpa risiko tersedak.;"- 1 buah kentang besar, kukus dan haluskan

- 30 gr daging sapi giling, tumis matang

- 1 butir kuning telur

- 1 batang seledri, iris halus

- Sedikit pala bubuk

- Minyak untuk menggoreng";"- Campur kentang halus, daging sapi tumis, kuning telur, seledri, dan pala bubuk.

- Aduk rata, bentuk bulat pipih.

- Panaskan minyak, goreng perkedel hingga kecokelatan.

- Angkat dan tiriskan. Cocok untuk finger food.";10;24;Makanan Jari;Rp 12.000;195;9.5;8;2.2;3;Penambah Berat Badan;Kentang, Daging Sapi, Telur;recipes/perkedel_kentang_daging_sapi.jpg
53;Semur Hati Sapi Tahu;Optimalkan 1000 hari pertama kehidupan si Kecil dengan **Semur Hati Sapi Tahu**. Menu ini diformulasikan khusus untuk usia 8 bulan dengan fokus pada peninggi badan. Zat besi 5.5mg dan protein berkualitas tinggi di dalamnya membantu pembentukan sel darah merah dan imunitas yang kuat.;"- 50 gr hati sapi, rebus dan potong kecil

- 1/2 kotak tahu putih, potong dadu

- 1 siung bawang putih, iris tipis

- 1 butir bawang merah, iris tipis

- 1 sdm kecap manis (pilih yang non-MSG/khusus anak)

- 100 ml air

- 1 sdt minyak untuk menumis";"- Tumis bawang merah dan putih hingga harum.

- Masukkan hati sapi dan tahu, aduk rata.

- Tambahkan kecap manis dan air.

- Masak hingga kuah menyusut dan bumbu meresap.

- Haluskan atau sajikan sesuai kemampuan makan anak.";8;24;Bubur Kasar;Rp 14.000;175;12;6.5;5.5;4.2;Peninggi Badan;Hati Sapi, Tahu, Kedelai;recipes/semur_hati_sapi_tahu.jpg
54;Bubur Hati Ayam Labu Siam;Sebagai asupan peninggi badan, menu **Bubur Hati Ayam Labu Siam** ini sangat saya rekomendasikan untuk si Kecil usia 6 bulan ke atas. Kandungan protein 9.0g dan zat besi 4.8mg di dalamnya sangat krusial untuk mencegah stunting dan mendukung perkembangan otak. Tekstur bubur halus-nya dirancang aman untuk melatih kemampuan mengunyah bayi.;"- 2 sdm beras

- 1 pasang hati ayam (sekitar 30gr), rebus

- 1 potong labu siam, kupas dan potong dadu

- 1 siung bawang putih

- 250 ml air kaldu";"- Rebus beras dan labu siam dengan air kaldu hingga matang lembek.

- Masukkan hati ayam rebus dan bawang putih, masak sebentar.

- Angkat, lalu blender hingga halus.

- Saring jika perlu untuk tekstur yang lebih lembut.";6;8;Bubur Halus;Rp 6.000;140;9;4;4.8;2.5;Peninggi Badan;Hati Ayam, Labu Siam;recipes/bubur_hati_ayam_labu_siam.jpg
55;Nugget Tempe Ayam Wortel;Bunda, menu **Nugget Tempe Ayam Wortel** adalah pilihan cerdas untuk fase tumbuh kembang usia 11 bulan. Dengan profil nutrisi yang kaya (11.0g protein), resep ini mendukung kenaikan berat badan yang sehat. Tekstur makanan jari sangat pas untuk stimulasi oromotorik tanpa risiko tersedak.;"- 50 gr tempe, kukus dan haluskan

- 50 gr daging ayam giling

- 1/2 wortel, parut halus

- 1 butir telur

- 1 siung bawang putih, haluskan

- Tepung panir secukupnya";"- Campur tempe, ayam, wortel, telur, dan bawang putih. Aduk rata.

- Tuang ke wadah tahan panas, kukus selama 20 menit.

- Dinginkan, potong-potong sesuai selera.

- Balur dengan sedikit tepung panir (opsional), goreng sebentar hingga kecokelatan.";11;24;Makanan Jari;Rp 8.000;190;11;7.5;1.8;1.5;Penambah Berat Badan;Tempe, Ayam, Wortel, Telur;recipes/nugget_tempe_ayam_wortel.jpg
56;Pepes Tahu Telur Puyuh;Optimalkan 1000 hari pertama kehidupan si Kecil dengan **Pepes Tahu Telur Puyuh**. Menu ini diformulasikan khusus untuk usia 10 bulan dengan fokus pada gizi seimbang. Zat besi 2.1mg dan protein berkualitas tinggi di dalamnya membantu pembentukan sel darah merah dan imunitas yang kuat.;"- 1 kotak tahu putih, haluskan

- 3 butir telur puyuh, rebus dan kupas

- 1 buah tomat, potong kecil

- 1 siung bawang putih, iris tipis

- 1 lembar daun salam

- Daun pisang untuk membungkus";"- Campur tahu halus, tomat, dan bawang putih.

- Siapkan daun pisang, letakkan adonan tahu, tambahkan daun salam dan telur puyuh di tengahnya.

- Bungkus rapi, sematkan dengan lidi.

- Kukus selama 20-25 menit hingga matang.";10;24;Makanan Keluarga;Rp 7.000;160;10.5;8;2.1;1.2;Gizi Seimbang;Tahu, Telur Puyuh, Tomat;recipes/pepes_tahu_telur_puyuh.jpg
57;Tumis Buncis Daging Cincang;Sebagai asupan gizi seimbang, menu **Tumis Buncis Daging Cincang** ini sangat saya rekomendasikan untuk si Kecil usia 12 bulan ke atas. Kandungan protein 12.5g dan zat besi 2.5mg di dalamnya sangat krusial untuk mencegah stunting dan mendukung perkembangan otak. Tekstur potongan kecil-nya dirancang aman untuk melatih kemampuan mengunyah bayi.;"- 50 gr buncis, iris serong tipis

- 30 gr daging sapi cincang

- 1/2 siung bawang bombay, cincang

- 1 siung bawang putih, cincang

- 1 sdm saus tiram (opsional)

- Minyak untuk menumis";"- Panaskan minyak, tumis bawang bombay dan putih hingga layu.

- Masukkan daging cincang, masak hingga berubah warna dan matang.

- Masukkan buncis, aduk rata.

- Tambahkan sedikit air dan saus tiram, masak hingga buncis empuk dan air menyusut.

- Sajikan dengan nasi.";12;24;Makanan Keluarga;Rp 14.000;155;12.5;6;2.5;3.2;Gizi Seimbang;Buncis, Daging Sapi;recipes/tumis_buncis_daging_cincang.jpg
58;Bubur Udang Santan Labu;Bunda, menu **Bubur Udang Santan Labu** adalah pilihan cerdas untuk fase tumbuh kembang usia 8 bulan. Dengan profil nutrisi yang kaya (11.0g protein), resep ini mendukung kenaikan berat badan yang sehat. Tekstur bubur kasar sangat pas untuk stimulasi oromotorik tanpa risiko tersedak.;"- 30 gr beras

- 4-5 ekor udang kupas, cincang kasar

- 1 potong labu kuning, potong dadu

- 50 ml santan cair

- 1 lembar daun jeruk

- 250 ml air";"- Rebus beras dan labu kuning dengan air hingga menjadi bubur.

- Masukkan udang dan daun jeruk, masak hingga udang berubah warna.

- Tuang santan, aduk rata dan masak hingga mendidih dan matang.

- Angkat dan sajikan (buang daun jeruk).";8;24;Bubur Kasar;Rp 12.000;210;11;9;1.5;1.8;Penambah Berat Badan;Udang, Labu Kuning, Santan;recipes/bubur_udang_santan_labu.jpg
59;Macaroni Schotel Kukus;Optimalkan 1000 hari pertama kehidupan si Kecil dengan **Macaroni Schotel Kukus**. Menu ini diformulasikan khusus untuk usia 10 bulan dengan fokus pada penambah berat badan. Zat besi 1.2mg dan protein berkualitas tinggi di dalamnya membantu pembentukan sel darah merah dan imunitas yang kuat.;"- 30 gr makaroni, rebus lunak

- 30 gr daging ayam giling

- 1 butir telur, kocok lepas

- 1 sdm keju parut

- 50 ml susu UHT

- 1/2 wortel, parut";"- Campur makaroni, ayam, telur, keju, susu, dan wortel dalam satu wadah.

- Aduk rata, tuang ke dalam wadah tahan panas atau aluminium foil cup.

- Kukus selama 20 menit hingga set/matang.

- Sajikan hangat.";10;24;Makanan Jari;Rp 10.000;240;12;10;1.2;1;Penambah Berat Badan;Makaroni, Susu, Keju, Telur;recipes/macaroni_schotel_kukus.jpg
60;Sup Ikan Kakap Tomat;Sebagai asupan peninggi badan, menu **Sup Ikan Kakap Tomat** ini sangat saya rekomendasikan untuk si Kecil usia 9 bulan ke atas. Kandungan protein 13.0g dan zat besi 1.0mg di dalamnya sangat krusial untuk mencegah stunting dan mendukung perkembangan otak. Tekstur cincang kasar-nya dirancang aman untuk melatih kemampuan mengunyah bayi.;"- 50 gr fillet ikan kakap, potong dadu

- 1 buah tomat merah, potong dadu

- 1 batang daun bawang, iris

- 1 ruas jahe, geprek

- 1 siung bawang putih, iris

- 300 ml air";"- Didihkan air, masukkan jahe dan bawang putih.

- Masukkan ikan kakap, masak hingga berubah warna.

- Masukkan tomat, masak hingga tomat layu dan kuah sedikit merah.

- Tambahkan daun bawang, koreksi rasa.

- Sajikan dengan nasi tim.";9;24;Cincang Kasar;Rp 15.000;130;13;3.5;1;0.8;Peninggi Badan;Ikan Kakap, Tomat;recipes/sup_ikan_kakap_tomat.jpg
61;Mashed Potato Daging Keju;Bunda, menu **Mashed Potato Daging Keju** adalah pilihan cerdas untuk fase tumbuh kembang usia 7 bulan. Dengan profil nutrisi yang kaya (9.0g protein), resep ini mendukung kenaikan berat badan yang sehat. Tekstur bubur halus sangat pas untuk stimulasi oromotorik tanpa risiko tersedak.;"- 1 buah kentang sedang, kukus

- 30 gr daging sapi giling, tumis hingga matang

- 1 sdm keju parut

- 1 sdm mentega/butter

- 2 sdm susu UHT/ASIP";"- Haluskan kentang kukus selagi hangat.

- Campur dengan mentega dan susu hingga lembut.

- Masukkan daging sapi tumis dan keju parut, aduk rata.

- Sajikan.";7;12;Bubur Halus;Rp 13.000;220;9;8.5;1.5;2.5;Penambah Berat Badan;Kentang, Keju, Susu, Daging Sapi;recipes/mashed_potato_daging_keju.jpg
62;Bolu Kukus Pisang (Tanpa Gula);Optimalkan 1000 hari pertama kehidupan si Kecil dengan **Bolu Kukus Pisang (Tanpa Gula)**. Menu ini diformulasikan khusus untuk usia 10 bulan dengan fokus pada gizi seimbang. Zat besi 0.8mg dan protein berkualitas tinggi di dalamnya membantu pembentukan sel darah merah dan imunitas yang kuat.;"- 2 buah pisang ambon matang, lumatkan

- 1 butir telur

- 3 sdm tepung terigu

- 1 sdm minyak sayur/lelehan mentega";"- Kocok telur hingga berbusa.

- Masukkan pisang lumat dan minyak, aduk rata.

- Tambahkan tepung terigu sedikit demi sedikit sambil diaduk perlahan.

- Tuang ke cetakan bolu kukus.

- Kukus selama 15-20 menit dengan api sedang.

- Angkat dan sajikan sebagai snack.";10;24;Makanan Jari;Rp 6.000;180;5;6;0.8;0.5;Gizi Seimbang;Pisang, Telur, Gandum;recipes/bolu_kukus_pisang.jpg
63;Bubur Kacang Hijau Santan;Sebagai asupan peninggi badan, menu **Bubur Kacang Hijau Santan** ini sangat saya rekomendasikan untuk si Kecil usia 6 bulan ke atas. Kandungan protein 7.0g dan zat besi 2.0mg di dalamnya sangat krusial untuk mencegah stunting dan mendukung perkembangan otak. Tekstur bubur halus-nya dirancang aman untuk melatih kemampuan mengunyah bayi.;"- 3 sdm kacang hijau, rendam semalam

- 1 lembar daun pandan

- 50 ml santan

- 300 ml air";"- Rebus kacang hijau dengan air dan daun pandan hingga sangat lunak dan pecah.

- Masukkan santan, masak sebentar hingga mendidih kembali.

- Angkat, buang daun pandan.

- Saring atau blender hingga halus sesuai usia.

- Sajikan.";6;24;Bubur Halus;Rp 5.000;160;7;5;2;1.5;Peninggi Badan;Kacang Hijau, Santan;recipes/bubur_kacang_hijau_santan.jpg
64;Soto Ayam Kuning MPASI;Bunda, menu **Soto Ayam Kuning MPASI** adalah pilihan cerdas untuk fase tumbuh kembang usia 9 bulan. Dengan profil nutrisi yang kaya (12.0g protein), resep ini mendukung kenaikan berat badan yang sehat. Tekstur bubur kasar/nasi tim sangat pas untuk stimulasi oromotorik tanpa risiko tersedak.;"- 1 potong ayam (paha/dada)

- 1 butir telur rebus

- 1/2 sdt bumbu kuning halus (bawang merah, putih, kunyit)

- 1 lembar daun jeruk & salam

- 1 batang serai

- 300 ml air

- Tauge pendek (opsional, rebus)";"- Tumis bumbu kuning, daun jeruk, salam, dan serai hingga harum.

- Masukkan ayam, aduk sebentar, lalu tuang air.

- Masak hingga ayam empuk dan matang.

- Suwir-suwir ayam.

- Sajikan kuah soto dengan nasi tim, ayam suwir, dan irisan telur rebus.";9;24;Bubur Kasar;Rp 12.000;190;12;7;1.5;1.2;Gizi Seimbang;Ayam, Telur, Kunyit;recipes/soto_ayam_kuning_mpasi.jpg
65;Puding Alpukat Susu;Optimalkan 1000 hari pertama kehidupan si Kecil dengan **Puding Alpukat Susu**. Menu ini diformulasikan khusus untuk usia 8 bulan dengan fokus pada penambah berat badan. Zat besi 0.8mg dan protein berkualitas tinggi di dalamnya membantu pembentukan sel darah merah dan imunitas yang kuat.;"- 1/2 buah alpukat matang

- 1/2 sdt agar-agar plain

- 100 ml susu UHT/ASIP

- 50 ml air";"- Kerok daging alpukat, blender halus dengan sedikit susu. Sisihkan.

- Masak agar-agar dengan air dan sisa susu hingga mendidih.

- Matikan api, tunggu uap panas hilang (hangat kuku).

- Campurkan blenderan alpukat ke dalam larutan agar-agar, aduk cepat hingga rata.

- Tuang ke cetakan, dinginkan di kulkas hingga set.

- Sajikan dingin.";8;24;Puding Lembut;Rp 10.000;185;4;12;0.8;0.6;Penambah Berat Badan;Alpukat, Susu, Agar-agar;recipes/puding_alpukat_susu.jpg
66;Rolade Daging Sapi Kukus;Sebagai asupan gizi seimbang, menu **Rolade Daging Sapi Kukus** ini sangat saya rekomendasikan untuk si Kecil usia 12 bulan ke atas. Kandungan protein 13.5g dan zat besi 2.5mg di dalamnya sangat krusial untuk mencegah stunting dan mendukung perkembangan otak. Tekstur makanan keluarga sangat pas untuk stimulasi oromotorik tanpa risiko tersedak.;"- 100 gr daging sapi giling

- 1 sdm tepung tapioka

- 1 butir telur, buat dadar tipis

- 1 siung bawang putih, haluskan

- Garam dan merica secukupnya (sedikit saja)";"- Campur daging sapi, tapioka, bawang putih, garam, dan merica. Aduk rata.

- Ambil dadar telur, ratakan adonan daging di atasnya.

- Gulung padat, bungkus dengan aluminium foil atau daun pisang.

- Kukus selama 25-30 menit.

- Dinginkan, potong-potong bulat.

- Bisa dimakan langsung atau digoreng sebentar.";12;24;Makanan Keluarga;Rp 18.000;220;13.5;9;2.5;3.5;Gizi Seimbang;Daging Sapi, Telur;recipes/rolade_daging_sapi_kukus.jpg
67;Nasi Goreng Sayur Telur;Bunda, menu **Nasi Goreng Sayur Telur** adalah pilihan cerdas untuk fase tumbuh kembang usia 12 bulan. Dengan profil nutrisi yang kaya (8.5g protein), resep ini mendukung kenaikan berat badan yang sehat. Tekstur makanan keluarga sangat pas untuk stimulasi oromotorik tanpa risiko tersedak.;"- 1 centong nasi putih

- 1 butir telur

- 1 sdm mix vegetables (wortel, jagung, buncis, kacang polong)

- 1 siung bawang putih, cincang

- 1 sdt kecap manis

- Minyak/mentega untuk menumis";"- Panaskan mentega, tumis bawang putih hingga harum.

- Masukkan telur, buat orak-arik.

- Masukkan mix vegetables, tumis sebentar.

- Masukkan nasi, aduk rata.

- Tambahkan kecap manis, aduk hingga rata dan matang.

- Sajikan.";12;24;Makanan Keluarga;Rp 8.000;250;8.5;8;1.5;1;Gizi Seimbang;Nasi, Telur, Sayuran;recipes/nasi_goreng_sayur_telur.jpg
68;Steak Tempe Saus Tomat;Optimalkan 1000 hari pertama kehidupan si Kecil dengan **Steak Tempe Saus Tomat**. Menu ini diformulasikan khusus untuk usia 11 bulan dengan fokus pada gizi seimbang. Zat besi 1.8mg dan protein berkualitas tinggi di dalamnya membantu pembentukan sel darah merah dan imunitas yang kuat.;"- 2 potong tempe, kukus dan haluskan

- 1 sdm daging ayam giling (opsional)

- 1 siung bawang putih, haluskan

- Saus: 1 buah tomat (rebus, buang kulit, blender), tumis dengan sedikit bawang bombay cincang.";"- Campur tempe halus, ayam, dan bawang putih. Bentuk pipih menyerupai steak.

- Panggang di teflon dengan sedikit mentega hingga kecokelatan di kedua sisi.

- Siram dengan saus tomat homemade di atasnya.

- Sajikan dengan kentang kukus atau rebusan sayur.";11;24;Makanan Jari;Rp 7.000;160;10;6;1.8;1.2;Gizi Seimbang;Tempe, Tomat;recipes/steak_tempe_saus_tomat.jpg
69;Bubur Singkong Santan Keju;Sebagai asupan penambah berat badan, menu **Bubur Singkong Santan Keju** ini sangat saya rekomendasikan untuk si Kecil usia 9 bulan ke atas. Kandungan protein 3.0g dan zat besi 0.6mg di dalamnya sangat krusial untuk mencegah stunting dan mendukung perkembangan otak. Tekstur bubur kental-nya dirancang aman untuk melatih kemampuan mengunyah bayi.;"- 1 potong singkong, kupas, rebus empuk, haluskan (buang sumbu)

- 100 ml santan

- 1 lembar daun pandan

- 1 sdm keju parut

- Sedikit gula (opsional)";"- Masak singkong halus dengan santan dan daun pandan.

- Aduk terus hingga mengental dan meletup-letup.

- Angkat, sajikan dengan taburan keju parut.

- Cocok untuk snack sore yang mengenyangkan.";9;24;Bubur Kental;Rp 5.000;210;3;8;0.6;0.4;Penambah Berat Badan;Singkong, Santan, Keju;recipes/bubur_singkong_santan_keju.jpg
70;Tim Ikan Patin Kuah Kuning;Bunda, menu **Tim Ikan Patin Kuah Kuning** adalah pilihan cerdas untuk fase tumbuh kembang usia 8 bulan. Dengan profil nutrisi yang kaya (11.0g protein), resep ini mendukung kenaikan berat badan yang sehat. Tekstur bubur kasar sangat pas untuk stimulasi oromotorik tanpa risiko tersedak.;"- 1 potong ikan patin

- 1/2 tahu putih

- Bumbu halus: kunyit, bawang merah, bawang putih

- 1 batang serai, geprek

- 1 lembar daun salam

- Belimbing wuluh/tomat hijau (opsional untuk rasa segar)

- 200 ml air";"- Tumis bumbu halus, serai, dan daun salam hingga harum.

- Tuang air, didihkan.

- Masukkan ikan patin dan tahu, masak hingga matang.

- Ambil daging ikan (hati-hati duri) dan tahu, lumatkan bersama sedikit kuah.

- Sajikan dengan bubur atau nasi tim.";8;24;Bubur Kasar;Rp 10.000;165;11;7;1.2;1;Peninggi Badan;Ikan Patin, Tahu, Kunyit;recipes/tim_ikan_patin_kuah_kuning.jpg
71;Bakso Ayam Tahu Kuah;Optimalkan 1000 hari pertama kehidupan si Kecil dengan **Bakso Ayam Tahu Kuah**. Menu ini diformulasikan khusus untuk usia 10 bulan dengan fokus pada gizi seimbang. Zat besi 1.5mg dan protein berkualitas tinggi di dalamnya membantu pembentukan sel darah merah dan imunitas yang kuat.;"- 50 gr ayam giling

- 1/4 kotak tahu putih, haluskan

- 1 sdm tapioka

- 1 siung bawang putih, haluskan

- Air kaldu ayam

- Daun bawang dan seledri";"- Campur ayam, tahu, tapioka, dan bawang putih. Aduk rata.

- Didihkan air kaldu, bentuk adonan bulat-bulat, masukkan ke air mendidih.

- Masak hingga bakso mengapung.

- Tambahkan daun bawang dan seledri.

- Sajikan hangat.";10;24;Makanan Keluarga;Rp 11.000;180;12;6;1.5;1.2;Gizi Seimbang;Ayam, Tahu;recipes/bakso_ayam_tahu_kuah.jpg
72;Bubur Merah Putih (Beras Merah & Susu);Sebagai asupan gizi seimbang, menu **Bubur Merah Putih (Beras Merah & Susu)** ini sangat saya rekomendasikan untuk si Kecil usia 6 bulan ke atas. Kandungan protein 4.5g dan zat besi 1.2mg di dalamnya sangat krusial untuk mencegah stunting dan mendukung perkembangan otak. Tekstur bubur halus-nya dirancang aman untuk melatih kemampuan mengunyah bayi.;"- 2 sdm tepung beras merah (atau beras merah masak lumat)

- 100 ml air matang

- 50 ml ASI/Sufor";"- Masak tepung beras merah dengan air hingga mengental dan matang (meletup-letup).

- Angkat, biarkan agak hangat.

- Campurkan ASI/Sufor, aduk rata.

- Sajikan segera.";6;8;Bubur Halus;Rp 4.000;110;4.5;3;1.2;1;Gizi Seimbang;Beras Merah, Susu;recipes/bubur_merah_putih.jpg
73;Misoa Kuah Telur Puyuh;Bunda, menu **Misoa Kuah Telur Puyuh** adalah pilihan cerdas untuk fase tumbuh kembang usia 9 bulan. Dengan profil nutrisi yang kaya (7.5g protein), resep ini mendukung kenaikan berat badan yang sehat. Tekstur mi lembut sangat pas untuk stimulasi oromotorik tanpa risiko tersedak.;"- 1/2 keping misoa

- 3 butir telur puyuh, rebus kupas

- 1/2 wortel, iris tipis

- 1 siung bawang putih, cincang

- 250 ml air kaldu ayam

- Daun bawang";"- Tumis bawang putih hingga harum, tuang air kaldu.

- Masukkan wortel, masak hingga setengah matang.

- Masukkan misoa, masak hingga lunak.

- Tambahkan telur puyuh dan daun bawang.

- Angkat dan sajikan.";9;24;Mie Lembut;Rp 8.000;170;7.5;6;1.8;1;Gizi Seimbang;Misoa, Telur Puyuh, Wortel;recipes/misoa_kuah_telur_puyuh.jpg
74;Puree Pisang Alpukat;Optimalkan 1000 hari pertama kehidupan si Kecil dengan **Puree Pisang Alpukat**. Menu ini diformulasikan khusus untuk usia 6 bulan dengan fokus pada penambah berat badan. Zat besi 0.5mg dan protein berkualitas tinggi di dalamnya membantu pembentukan sel darah merah dan imunitas yang kuat.;"- 1 buah pisang ambon matang

- 1/2 buah alpukat matang";"- Kerok daging alpukat.

- Potong-potong pisang.

- Blender atau lumatkan keduanya hingga halus tercampur rata.

- Bisa tambahkan sedikit ASI/Sufor untuk mengatur kekentalan.

- Sajikan langsung (jangan disimpan terlalu lama agar tidak berubah warna).";6;8;Bubur Halus;Rp 7.000;190;2.5;10;0.5;0.4;Penambah Berat Badan;Pisang, Alpukat;recipes/puree_pisang_alpukat.jpg
75;Nasi Tim Ayam Jamur;Sebagai asupan peninggi badan, menu **Nasi Tim Ayam Jamur** ini sangat saya rekomendasikan untuk si Kecil usia 10 bulan ke atas. Kandungan protein 11.0g dan zat besi 1.2mg di dalamnya sangat krusial untuk mencegah stunting dan mendukung perkembangan otak. Tekstur nasi tim-nya dirancang aman untuk melatih kemampuan mengunyah bayi.;"- 3 sdm beras

- 30 gr ayam cincang

- 2 buah jamur kancing, cincang

- 1 siung bawang putih, cincang

- 1 sdt kecap manis (opsional)

- 1 sdt minyak wijen (opsional)

- 300 ml air kaldu";"- Tumis bawang putih dengan sedikit minyak hingga harum.

- Masukkan ayam dan jamur, tumis hingga matang. Tambahkan kecap dan minyak wijen.

- Siapkan wadah tahan panas, masukkan beras dan air kaldu, lalu taruh tumisan ayam jamur di atasnya.

- Kukus hingga beras menjadi nasi lunak dan matang sempurna.

- Sajikan.";10;24;Nasi Tim;Rp 13.000;200;11;6;1.2;1;Peninggi Badan;Ayam, Jamur;recipes/nasi_tim_ayam_jamur.jpg
76;Getuk Lindri Susu (Snack MPASI);Bunda, menu **Getuk Lindri Susu (Snack MPASI)** adalah pilihan cerdas untuk fase tumbuh kembang usia 10 bulan. Dengan profil nutrisi yang kaya (2.5g protein), resep ini mendukung kenaikan berat badan yang sehat. Tekstur makanan jari sangat pas untuk stimulasi oromotorik tanpa risiko tersedak.;"- 200 gr singkong, kukus empuk

- 1 sdm gula pasir (sedikit saja)

- 1 sdm mentega

- 2 sdm susu bubuk

- Pewarna makanan alami (jus pandan/buah naga) - opsional";"- Haluskan singkong selagi panas.

- Campur dengan gula, mentega, dan susu bubuk hingga rata dan kalis.

- Bagi adonan, beri warna jika suka.

- Giling atau cetak sesuai selera (bisa dipotong kotak kecil).

- Sajikan dengan taburan kelapa parut kukus (opsional).";10;24;Makanan Jari;Rp 6.000;230;2.5;7;0.8;0.5;Penambah Berat Badan;Singkong, Susu, Mentega;recipes/getuk_lindri_susu.jpg
77;Sup Tahu Sawi Putih;Optimalkan 1000 hari pertama kehidupan si Kecil dengan **Sup Tahu Sawi Putih**. Menu ini diformulasikan khusus untuk usia 8 bulan dengan fokus pada gizi seimbang. Zat besi 1.5mg dan protein berkualitas tinggi di dalamnya membantu pembentukan sel darah merah dan imunitas yang kuat.;"- 1 kotak tahu putih kecil, potong dadu

- 2 lembar sawi putih, iris halus

- 1 butir telur puyuh, kocok lepas

- 1 siung bawang putih, geprek

- 250 ml air kaldu ayam";"- Didihkan air kaldu dan bawang putih.

- Masukkan tahu dan sawi putih, masak hingga layu.

- Tuang kocokan telur puyuh perlahan sambil diaduk agar berserabut.

- Masak hingga matang.

- Sajikan dengan bubur.";8;24;Bubur Kasar;Rp 5.000;120;8;5;1.5;1;Gizi Seimbang;Tahu, Sawi Putih, Telur Puyuh;recipes/sup_tahu_sawi_putih.jpg
78;Bitterballen Kentang Ayam;Sebagai asupan penambah berat badan, menu **Bitterballen Kentang Ayam** ini sangat saya rekomendasikan untuk si Kecil usia 11 bulan ke atas. Kandungan protein 10.0g dan zat besi 1.2mg di dalamnya sangat krusial untuk mencegah stunting dan mendukung perkembangan otak. Tekstur makanan jari-nya dirancang aman untuk melatih kemampuan mengunyah bayi.;"- 1 buah kentang, kukus haluskan

- 30 gr ayam rebus, suwir cincang

- 1/2 wortel, parut

- 1 sdm tepung terigu (larutkan dgn sedikit susu cair)

- 1/2 bawang bombay, cincang

- Tepung panir";"- Tumis bawang bombay, masukkan ayam dan wortel.

- Masukkan larutan terigu susu, aduk hingga mengental.

- Masukkan kentang halus, aduk rata hingga jadi adonan bisa dibentuk.

- Ambil adonan, bulatkan, gulingkan di tepung panir.

- Goreng sebentar hingga keemasan.

- Sajikan.";11;24;Makanan Jari;Rp 12.000;210;10;9;1.2;1;Penambah Berat Badan;Kentang, Ayam, Susu, Gandum;recipes/bitterballen_kentang_ayam.jpg
79;Bubur Sumsum Saus Buah Naga;Bunda, menu **Bubur Sumsum Saus Buah Naga** adalah pilihan cerdas untuk fase tumbuh kembang usia 7 bulan. Dengan profil nutrisi yang kaya (3.0g protein), resep ini mendukung kenaikan berat badan yang sehat. Tekstur bubur halus sangat pas untuk stimulasi oromotorik tanpa risiko tersedak.;"- 2 sdm tepung beras

- 200 ml santan encer

- 1 lembar daun pandan

- Sejumput garam

- Saus: 1/4 buah naga merah, blender/saring";"- Campur tepung beras, santan, garam, dan pandan. Masak dengan api kecil sambil diaduk terus hingga mengental dan matang.

- Tuang bubur sumsum ke mangkuk.

- Siram dengan jus buah naga di atasnya.

- Sajikan dingin atau hangat.";7;24;Bubur Halus;Rp 6.000;180;3;8;0.8;0.5;Penambah Berat Badan;Tepung Beras, Santan, Buah Naga;recipes/bubur_sumsum_buah_naga.jpg
80;Tumis Oyong Telur Soun;Optimalkan 1000 hari pertama kehidupan si Kecil dengan **Tumis Oyong Telur Soun**. Menu ini diformulasikan khusus untuk usia 12 bulan dengan fokus pada gizi seimbang. Zat besi 1.5mg dan protein berkualitas tinggi di dalamnya membantu pembentukan sel darah merah dan imunitas yang kuat.;"- 1/2 buah oyong, kupas potong bulat

- 1 butir telur, orak-arik

- Sedikit soun, rendam air panas

- 1 siung bawang putih, iris

- 100 ml air

- Garam/Gula (opsional)";"- Tumis bawang putih hingga harum.

- Masukkan oyong dan air, masak hingga oyong empuk.

- Masukkan soun dan telur orak-arik.

- Aduk rata, bumbui sedikit.

- Angkat dan sajikan.";12;24;Makanan Keluarga;Rp 7.000;150;7;6;1.5;0.8;Gizi Seimbang;Oyong, Telur, Soun;recipes/tumis_oyong_telur_soun.jpg
81;Nasi Goreng Ikan Teri;Sebagai asupan peninggi badan, menu **Nasi Goreng Ikan Teri** ini sangat saya rekomendasikan untuk si Kecil usia 12 bulan ke atas. Kandungan protein 9.0g dan zat besi 2.0mg di dalamnya sangat krusial untuk mencegah stunting dan mendukung perkembangan otak. Tekstur makanan keluarga sangat pas untuk stimulasi oromotorik tanpa risiko tersedak.;"- 1 centong nasi

- 1 sdm teri nasi (cuci bersih, goreng kering/sangrai)

- 1 butir telur

- 1 sdm sayuran campur (jagung/wortel)

- 1 siung bawang putih & merah, haluskan

- Kecap manis";"- Tumis bumbu halus hingga harum.

- Masukkan telur, buat orak-arik.

- Masukkan nasi dan sayuran, aduk rata.

- Tambahkan kecap manis dan teri nasi.

- Aduk hingga matang merata.

- Sajikan.";12;24;Makanan Keluarga;Rp 9.000;260;9;8;2;1.5;Peninggi Badan;Ikan Teri, Telur, Nasi;recipes/nasi_goreng_ikan_teri.jpg
82;Smoothie Mangga Yoghurt;Bunda, menu **Smoothie Mangga Yoghurt** adalah pilihan cerdas untuk fase tumbuh kembang usia 8 bulan. Dengan profil nutrisi yang kaya (4.0g protein), resep ini mendukung kenaikan berat badan yang sehat. Tekstur cair/kental sangat pas untuk stimulasi oromotorik tanpa risiko tersedak.;"- 1/2 buah mangga harum manis

- 2 sdm plain yoghurt (khusus bayi)

- Sedikit air/es batu (opsional)";"- Potong-potong mangga.

- Blender bersama yoghurt hingga halus.

- Sajikan dingin sebagai snack segar.";8;24;Cair/Kental;Rp 10.000;140;4;3;0.5;0.4;Gizi Seimbang;Mangga, Yoghurt;recipes/smoothie_mangga_yoghurt.jpg
83;Bola-bola Nasi Tuna;Optimalkan 1000 hari pertama kehidupan si Kecil dengan **Bola-bola Nasi Tuna**. Menu ini diformulasikan khusus untuk usia 11 bulan dengan fokus pada peninggi badan. Zat besi 1.5mg dan protein berkualitas tinggi di dalamnya membantu pembentukan sel darah merah dan imunitas yang kuat.;"- 1 centong nasi hangat

- 2 sdm tuna kaleng (in water/minyak sayur) atau tuna kukus suwir

- 1 sdt wijen sangrai

- Sedikit nori (rumput laut) gunting halus";"- Campur nasi hangat dengan tuna suwir, wijen, dan nori.

- Aduk rata.

- Bentuk bulat-bulat kecil seukuran genggaman bayi.

- Sajikan sebagai finger food.";11;24;Makanan Jari;Rp 12.000;190;10;4;1.5;1;Peninggi Badan;Nasi, Tuna, Nori, Wijen;recipes/bola_nasi_tuna.jpg
84;Sup Kacang Merah Daging;Sebagai asupan peninggi badan, menu **Sup Kacang Merah Daging** ini sangat saya rekomendasikan untuk si Kecil usia 10 bulan ke atas. Kandungan protein 12.0g dan zat besi 3.5mg di dalamnya sangat krusial untuk mencegah stunting dan mendukung perkembangan otak. Tekstur potongan lembut-nya dirancang aman untuk melatih kemampuan mengunyah bayi.;"- 2 sdm kacang merah segar, rebus empuk

- 30 gr daging sapi, potong dadu kecil

- 1/2 wortel, potong dadu

- 1 batang seledri

- 1 siung bawang putih, geprek

- 300 ml air";"- Rebus daging sapi hingga empuk, buang buihnya.

- Masukkan bawang putih, kacang merah rebus, dan wortel.

- Masak hingga semua bahan matang dan lunak.

- Tambahkan seledri.

- Sajikan dengan nasi.";10;24;Potongan Lembut;Rp 15.000;180;12;6;3.5;2.5;Peninggi Badan;Kacang Merah, Daging Sapi;recipes/sup_kacang_merah_daging.jpg
85;Dadar Gulung Pisang Coklat (Kulit Tanpa Telur);Bunda, menu **Dadar Gulung Pisang Coklat (Kulit Tanpa Telur)** adalah pilihan cerdas untuk fase tumbuh kembang usia 12 bulan. Dengan profil nutrisi yang kaya (3.0g protein), resep ini mendukung kenaikan berat badan yang sehat. Tekstur makanan jari sangat pas untuk stimulasi oromotorik tanpa risiko tersedak.;"- Kulit: 3 sdm terigu, 1 sdm coklat bubuk, 100 ml susu cair, 1 sdm mentega leleh.

- Isi: 2 buah pisang raja/uli, panggang sebentar dengan mentega.";"- Campur bahan kulit, aduk rata hingga tidak bergerindil.

- Buat dadar tipis di teflon.

- Ambil selembar dadar, taruh pisang panggang, gulung.

- Potong-potong dan sajikan.";12;24;Makanan Jari;Rp 8.000;220;3;8;1;0.8;Penambah Berat Badan;Gandum, Coklat, Pisang, Susu;recipes/dadar_gulung_pisang_coklat.jpg
86;Kare Ayam Tahu MPASI;Optimalkan 1000 hari pertama kehidupan si Kecil dengan **Kare Ayam Tahu MPASI**. Menu ini diformulasikan khusus untuk usia 9 bulan dengan fokus pada penambah berat badan. Zat besi 1.8mg dan protein berkualitas tinggi di dalamnya membantu pembentukan sel darah merah dan imunitas yang kuat.;"- 1 potong ayam

- 1/2 tahu putih, potong dadu

- 100 ml santan encer

- Bumbu halus (bawang merah, putih, kunyit, kemiri)

- 1 lembar daun salam

- 200 ml air";"- Tumis bumbu halus dan daun salam hingga harum.

- Masukkan ayam, aduk hingga berubah warna.

- Tuang air, masak hingga ayam empuk.

- Masukkan tahu dan santan.

- Masak hingga kuah mengental dan matang.

- Suwir ayam, sajikan dengan nasi lembek.";9;24;Bubur Kasar;Rp 11.000;200;11.5;9;1.8;1.2;Penambah Berat Badan;Ayam, Tahu, Santan;recipes/kare_ayam_tahu_mpasi.jpg
87;Bubur Oatmeal Apel Kayu Manis;Sebagai asupan gizi seimbang, menu **Bubur Oatmeal Apel Kayu Manis** ini sangat saya rekomendasikan untuk si Kecil usia 7 bulan ke atas. Kandungan protein 4.0g dan zat besi 1.5mg di dalamnya sangat krusial untuk mencegah stunting dan mendukung perkembangan otak. Tekstur bubur halus-nya dirancang aman untuk melatih kemampuan mengunyah bayi.;"- 3 sdm oatmeal instan

- 1/2 buah apel, parut/potong kecil

- 150 ml susu/air

- Sejumput bubuk kayu manis";"- Masak oatmeal dan apel dengan susu/air hingga apel lunak dan oatmeal mengental.

- Tambahkan bubuk kayu manis, aduk rata.

- Angkat dan sajikan hangat. (Bisa diblender jika perlu).";7;24;Bubur Halus;Rp 7.000;160;4;3.5;1.5;1;Gizi Seimbang;Oat, Apel, Susu, Kayu Manis;recipes/bubur_oatmeal_apel.jpg
88;Perkedel Jagung Kukus Daging;Bunda, menu **Perkedel Jagung Kukus Daging** adalah pilihan cerdas untuk fase tumbuh kembang usia 10 bulan. Dengan profil nutrisi yang kaya (9.0g protein), resep ini mendukung kenaikan berat badan yang sehat. Tekstur makanan jari sangat pas untuk stimulasi oromotorik tanpa risiko tersedak.;"- 1 buah jagung manis, pipil dan haluskan kasar

- 30 gr daging ayam giling

- 1 butir telur

- 1 batang daun bawang, iris

- 1 siung bawang putih, haluskan

- 1 sdm tepung terigu";"- Campur semua bahan, aduk rata.

- Tuang ke dalam cetakan kecil yang sudah dioles minyak.

- Kukus selama 20 menit.

- Angkat, keluarkan dari cetakan.

- Sajikan.";10;24;Makanan Jari;Rp 9.000;185;9;6;1;0.8;Penambah Berat Badan;Jagung, Ayam, Telur;recipes/perkedel_jagung_kukus.jpg
89;Setup Roti Tawar Keju;Optimalkan 1000 hari pertama kehidupan si Kecil dengan **Setup Roti Tawar Keju**. Menu ini diformulasikan khusus untuk usia 10 bulan dengan fokus pada penambah berat badan. Zat besi 1.0mg dan protein berkualitas tinggi di dalamnya membantu pembentukan sel darah merah dan imunitas yang kuat.;"- 2 lembar roti tawar, potong dadu

- 200 ml susu UHT

- 1 sdm santan kental

- 1 sdm gula pasir (opsional)

- 1 lembar daun pandan

- Keju parut secukupnya";"- Rebus susu, santan, gula, dan daun pandan hingga mendidih.

- Masukkan potongan roti tawar, aduk perlahan hingga roti lembek dan menyerap kuah.

- Angkat, sajikan dengan taburan keju parut.";10;24;Bubur Kental;Rp 8.000;280;10;12;1;0.8;Penambah Berat Badan;Roti Tawar, Susu, Santan, Keju;recipes/setup_roti_tawar_keju.jpg
90;Tumis Kangkung Telur Puyuh;Sebagai asupan gizi seimbang, menu **Tumis Kangkung Telur Puyuh** ini sangat saya rekomendasikan untuk si Kecil usia 12 bulan ke atas. Kandungan protein 8.0g dan zat besi 2.5mg di dalamnya sangat krusial untuk mencegah stunting dan mendukung perkembangan otak. Tekstur makanan keluarga sangat pas untuk stimulasi oromotorik tanpa risiko tersedak.;"- 1 ikat kecil kangkung, petiki daun muda

- 5 butir telur puyuh, rebus kupas

- 1 siung bawang putih, iris tipis

- 1 butir bawang merah, iris tipis

- 1/2 buah tomat, potong

- Sedikit air, garam, gula";"- Tumis bawang merah dan putih hingga harum.

- Masukkan tomat dan sedikit air.

- Masukkan kangkung, masak dengan api besar sebentar hingga layu.

- Masukkan telur puyuh, bumbui sedikit.

- Angkat segera agar kangkung tetap hijau segar.";12;24;Makanan Keluarga;Rp 6.000;140;8;6;2.5;1.2;Gizi Seimbang;Kangkung, Telur Puyuh;recipes/tumis_kangkung_telur_puyuh.jpg
91;Kentang Susu Keju Panggang;Menu tinggi kalori pengganti nasi (BB Booster).;"1 buah kentang sedang

1 butir telur bebek

150 ml susu UHT

3 blok keju belcube

Wortel

Tomat

Seledri

Minyak goreng";"Kukus dan haluskan kentang.

Campur telur, susu, keju, dan sayuran.

Tuang ke wadah, panggang di oven 170°C selama 25 menit.";10;24;Makanan Jari;12000;236;10.3;15;1.5;0.8;Penambah Berat Badan;Telur, Susu Sapi, Seledri, Tomat;recipes/kentang_susu_keju_panggang.jpg
92;Perkedel Kentang Daging;Lauk padat gizi yang disukai anak.;"500 gr kentang (kukus & lumatkan)

100 gr daging sapi cincang

1 butir telur

Bawang merah

Bawang putih

Daun bawang

Kaldu sapi";"Tumis bumbu hingga harum, campurkan ke kentang lumat.

Masukkan kuning telur dan daging.

Bentuk bulat, balur putih telur.

Goreng hingga keemasan.";11;24;Makanan Jari;15000;190;9;6.8;2.5;2.2;Peninggi Badan;Telur, Sapi;recipes/perkedel_kentang_daging.jpg
93;Pancake Kentang Kabocha Kacang Merah;Snack sehat tinggi zat besi nabati.;"75 gr kentang

30 gr kabocha

10 gr kacang merah

1 butir telur ayam

Daun bawang

Seledri";"Kukus kentang, kabocha, kacang merah hingga empuk.

Haluskan dan campur dengan telur serta daun bawang.

Panggang di teflon (1 sdm per adonan) hingga matang.";8;24;Makanan Jari;8000;192;10;7;1.8;1;Peninggi Badan;Telur, Kacang, Seledri;recipes/pancake_kentang_kabocha_kacang_merah.jpg
94;MPASI Sup Kentang Salmon;Sup creamy kaya Omega-3.;"100 gr kentang dadu

75 gr salmon

Wortel

Keju

Butter

Bawang merah

Bawang putih

Sereh

Daun jeruk";"Kukus kentang, salmon, dan sayuran dengan bumbu aromatik.

Buang bumbu aromatik.

Blender halus dengan butter, keju, dan air.";6;9;Bubur Halus;18000;180;9;11;1.2;0.8;Peninggi Badan;Ikan, Susu Sapi;recipes/mpasi_sup_kentang_salmon.jpg
95;Ayam Daun Kelor MPASI;Kombinasi superfood kelor dan ayam.;"150 gr dada ayam (haluskan)

Daun kelor

Wortel

Jagung manis

Tomat

Daun bawang

Seledri

Bawang merah

Bawang putih

Jahe";"Tumis bumbu hingga harum.

Masukkan ayam, masak hingga berubah warna.

Tambahkan air dan sayuran.

Masak hingga matang, lalu haluskan.";6;9;Bubur Halus;10000;98;11;2.6;1.5;1;Peninggi Badan;Ayam, Jagung, Tomat, Seledri;recipes/ayam_daun_kelor_mpasi.jpg
96;Creamy Salmon Cheese;Risotto ikan yang gurih dan lembut.;"1/2 fillet salmon (suwir)

100 gr nasi lembek

120 ml susu UHT

3 keju belcube

Buncis

Bawang";"Kukus salmon dan buncis.

Tumis bawang, masukkan salmon, susu, keju, nasi.

Masak hingga mengental/lembek.";8;12;Bubur Kasar;20000;200;12;10;1.3;0.9;Penambah Berat Badan;Ikan, Susu Sapi;recipes/creamy_salmon_cheese.jpg
97;Salmon Garlic Butter Milk Rice;Nasi gurih harum mentega dan bawang.;"75–100 gr salmon

2 porsi nasi

125 ml susu

Keju

Butter/ghee

Wortel

Bawang putih";"Tumis salmon dengan butter dan bawang putih.

Masukkan susu dan wortel.

Masukkan nasi dan keju, masak hingga susu menyusut.";9;12;Nasi Tim;18000;200;11;9.6;1.2;0.9;Penambah Berat Badan;Ikan, Susu Sapi;recipes/salmon_garlic_butter_milk_rice.jpg
98;Salmon Kentang Brokoli (Kukus);Menu simpel dan sehat.;"1 buah kentang sedang

Brokoli

Salmon (kukus dengan bumbu aromatik)";"Kukus kentang dan brokoli.

Blender semua bahan (salmon, kentang, brokoli) dengan sedikit air.

Saring jika perlu.";7;9;Bubur Halus;15000;131;9.5;4.5;1;0.7;Peninggi Badan;Ikan;recipes/salmon_kentang_brokoli_mpasi.jpg
99;Puree Salmon Kentang Edamame;Kaya protein dan lemak sehat olive oil.;"4 dadu salmon (rendam jeruk nipis)

1/2 kentang

Edamame

Brokoli

Olive oil

Bawang putih";"Tumis salmon dengan olive oil.

Kukus kentang, edamame, brokoli.

Blender semua bahan hingga halus.";6;9;Bubur Halus;16000;160;10;8.8;1.4;0.9;Peninggi Badan;Ikan, Kedelai;recipes/puree_salmon_kentang_edamame.jpg
100;Bubur Salmon Keju Evoo;Bubur saring lengkap gizi.;"30 gr salmon

1 potong tofu

2 sdm nasi

Brokoli

Wortel

Butter

Keju

EVOO";"Tumis bumbu dengan butter, masukkan salmon.

Tambahkan air, sayuran, tofu, dan nasi.

Masak hingga lumat, saring.

Beri topping keju dan EVOO.";6;9;Bubur Halus;14000;165;8.5;10;1.3;0.8;Penambah Berat Badan;Ikan, Kedelai, Susu Sapi, Seledri;recipes/bubur_salmon_mpasi.jpg
101;Bubur Oat Ayam Wortel;Menu tinggi serat dan protein, cocok untuk sarapan MPASI penambah energi.;"3 sdm oat

40 gr ayam cincang

Wortel parut

Keju

Air / kaldu";"Rebus oat hingga lembut

Masukkan ayam & wortel

Tambahkan keju, masak hingga creamy";7;12;Bubur Kental;9000;170;9;5;1.2;0.7;Gizi Seimbang;Ayam, Susu;recipes/Bubur_Oat_Ayam_Wortel.jpeg
102;Puree Labu Kuning Susu;Puree lembut kaya vitamin A untuk tahap awal MPASI.;"50 gr labu kuning kukus

50 ml ASI/Sufor

20 ml air hangat";"Blender labu kukus dengan susu.

Sesuaikan kekentalan dengan air.";6;8;Bubur Halus;5000;90;2;2;0.6;0.3;Penambah Berat Badan;Susu;recipes/Puree_Labu_Kuning_Susu.jpeg
103;Bubur Jagung Santan Lembut;Bubur manis gurih kaya energi untuk menambah berat badan.;"2 sdm jagung manis pipil

100 ml santan encer

2 sdm beras

200 ml air";"Rebus beras dan jagung hingga lembut.

Masukkan santan, masak hingga mengental.

Blender untuk tekstur lebih halus.";10;12;Bubur Halus;6000;150;2.5;5;0.7;0.4;Penambah Berat Badan;Santan;recipes/Bubur_Jagung_Santan_Lembut.jpeg
104;Bubur Ikan Dori Bayam;Sumber protein dan zat besi yang lembut dan mudah dicerna.;"40 gr ikan dori kukus

1 genggam bayam

2 sdm nasi

200 ml air kaldu";"Rebus nasi dan kaldu sampai lunak.

Tambahkan dori dan bayam, masak sebentar.

Blender hingga lembut.";7;12;Bubur Halus;10000;120;8;3;1;0.5;Peninggi Badan;Ikan;recipes/Bubur_Ikan_Dori_Bayam.jpeg
105;Puree Apel Pir;Puree buah tinggi serat untuk pencernaan bayi.;"1/2 apel kukus

1/2 pir kukus";"Kukus apel dan pir hingga lembut.

Blender tanpa air atau tambahkan sedikit bila perlu.";6;10;Bubur Halus;7000;70;0.5;0.2;0.3;0.2;Gizi Seimbang;-;recipes/Puree_Apel_Pir.jpeg
106;Bubur Ayam Tomat;MPASI tinggi protein dengan rasa segar dari tomat.;"2 sdm beras

30 gr ayam cincang

1/4 tomat tanpa kulit

250 ml air";"Masak beras dengan air hingga lembut.

Tambahkan ayam dan tomat.

Haluskan sesuai tekstur yang diinginkan.";7;12;Bubur Halus;8000;135;7;3;1;0.6;Gizi Seimbang;Ayam, Tomat;recipes/Bubur_Ayam_Tomat.jpeg
107;Bubur Hati Ayam Brokoli;Bubur kaya zat besi untuk mencegah anemia.;"30 gr hati ayam rebus

2 sdm nasi

3 kuntum brokoli

200 ml air";"Masak nasi dengan air hingga lembut.

Tambahkan brokoli dan hati ayam.

Blender hingga halus.";7;12;Bubur Halus;9000;150;8;4;3;1;Peninggi Badan;Ayam;recipes/Bubur_Hati_Ayam_Brokoli.jpeg
108;Bubur Kentang Wortel;Sumber karbohidrat lembut untuk energi bayi.;"1 kentang kecil

1/4 wortel

50 ml ASI/Sufor

Air secukupnya";"Kukus kentang dan wortel hingga lembut.

Haluskan bersama susu.";6;10;Bubur Halus;5000;100;2;2;0.4;0.3;Penambah Berat Badan;Susu;recipes/Bubur_Kentang_Wortel.jpeg
109;Puree Pisang Pepaya;Buah kombinasi tinggi serat dan vitamin A.;"1/2 pisang

3 potong pepaya matang";Blender pisang dan pepaya hingga halus.;6;12;Bubur Halus;5000;90;1;0.5;0.4;0.3;Gizi Seimbang;-;recipes/Puree_Pisang_Pepaya.jpeg
110;Bubur Tahu Bayam;Bubur vegetarian kaya zat besi dan protein nabati.;"1/4 kotak tahu putih

1 genggam bayam

2 sdm beras

200 ml air";"Rebus beras hingga lembut.

Tambahkan tahu dan bayam, masak sebentar.

Blender hingga halus.";7;12;Bubur Halus;6000;120;5;3;1;0.5;Gizi Seimbang;Kedelai;recipes/Bubur_Tahu_Bayam.jpeg
111;Nasi Tim Ayam Brokoli;Menu kaya protein dan serat untuk melatih mengunyah.;"3 sdm beras

30 gr ayam cincang

3 kuntum brokoli

250 ml air kaldu";"Masukkan beras dan kaldu ke wadah tahan panas.

Tambahkan ayam dan brokoli.

Kukus hingga nasi lembut.";9;24;Nasi Tim;10000;180;9;4;1.2;0.7;Peninggi Badan;Ayam;recipes/Nasi_Tim_Ayam_Brokoli.jpeg
112;Sup Telur Orak-arik Sawi;Sup lembut sumber protein untuk finger food awal.;"1 butir telur

2 lembar sawi

1 siung bawang putih

200 ml air";"Rebus air dan bawang putih.

Masukkan telur orak-arik dan sawi.

Masak hingga sawi layu.";10;24;Makanan Keluarga;6000;120;7;5;1;0.6;Gizi Seimbang;Telur;recipes/Sup_Telur_Orak-arik_Sawi.jpeg
113;Perkedel Tahu Wortel;Snack jari lembut tinggi protein nabati.;"1/4 kotak tahu

1/4 wortel parut

1 butir telur

1 sdm tepung terigu";"Campur semua bahan.

Bentuk kecil lalu kukus atau panggang.";10;24;Makanan Jari;7000;160;7;6;1;0.7;Penambah Berat Badan;Telur, Keledai, Gandum;recipes/Perkedel_Tahu_Wortel.jpeg
114;Bubur Oatmeal Pisang;Bubur tinggi energi untuk menambah berat badan.;"2 sdm oatmeal

1/2 pisang

150 ml susu/air";"Masak oatmeal dengan susu.

Tambahkan pisang lumat.";7;24;Bubur Halus;6000;160;4;3;1;0.6;Penambah Berat Badan;Gandum,Susu;recipes/Bubur_Oatmeal_Pisang.jpeg
115;Mie Soun Ayam Lembut;Mie lembut untuk melatih oromotorik bayi.;"Segenggam soun

20 gr ayam cincang

1/4 wortel parut

200 ml air kaldu";"Rebus kaldu dan ayam hingga matang.

Masukkan wortel dan soun.

Masak hingga soun lembut.";10;24;Mie Lembut;7000;150;6;3;1;0.5;Gizi Seimbang;Ayam;recipes/Mie_Soun_Ayam_Lembut.jpeg
116;Sup Tofu Wortel;Sup lembut kaya protein nabati dan vitamin A.;"1/4 kotak tofu

1/4 wortel iris

1 siung bawang putih

200 ml air";"Rebus air dan bawang putih.

Tambahkan tofu dan wortel.

Masak hingga lembut.";8;24;Bubur Kasar;6000;110;5;3;0.8;0.5;Gizi Seimbang;Kedelai;recipes/Sup_Tofu_Wortel.jpeg
117;Pancake Pisang Telur;Finger food lembut tinggi energi.;"1/2 pisang lumat

1 butir telur

1 sdm tepung terigu";"Campur semua bahan.

Masak di teflon kecil-kecil.";10;24;Makanan Jari;5000;180;5;6;1;0.6;Penambah Berat Badan;Telur, Gandum;recipes/Pancake_Pisang_Telur.jpeg
118;Sup Kacang Merah Lembut;Sup tinggi zat besi untuk perkembangan otak.;"2 sdm kacang merah rebus

1/4 wortel dadu

200 ml air

Daun bawang (opsional)";"Rebus kacang merah bersama wortel hingga lembut.

Blender sebagian jika perlu.";10;24;Potongan Lembut;8000;160;6;1;2;1;Peninggi Badan;Kacang;recipes/Sup_Kacang_Merah_Lembut.jpeg
119;Bola Nasi Ayam Keju;Finger food tinggi protein dan lemak sehat.;"1 centong nasi lembek

20 gr ayam cincang

1 sdm keju parut";"Campur semua bahan hingga rata.

Bentuk bola-bola kecil.";11;24;Makanan Jari;9000;180;8;5;1;0.7;Penambah Berat Badan;Ayam, Susu;recipes/Bola_Nasi_Ayam_Keju.jpeg
120;Bubur Telur Tofu Bayam;Bubur lembut tinggi protein dan zat besi untuk MPASI harian.;"1 butir telur (ambil kuningnya saja untuk <12 bulan)

1/4 kotak tofu lembut

1 genggam bayam

2 sdm nasi

200 ml air kaldu

1 siung bawang putih";"Rebus nasi dan bawang putih hingga lembut.

Tambahkan tofu dan bayam, masak hingga layu.

Masukkan kuning telur, aduk cepat.

Haluskan sesuai tekstur yang diinginkan.";7;24;Bubur Halus;7000;135;7;4;1.2;0.7;Gizi Seimbang;Telur,Kedelai;recipes/Bubur_Telur_Tofu_Bayam.jpeg
121;;;;;;;;;;;;;;;;
122;;;;;;;;;;;;;;;;
123;;;;;;;;;;;;;;;;
124;;;;;;;;;;;;;;;;
125;;;;;;;;;;;;;;;;
126;;;;;;;;;;;;;;;;
127;;;;;;;;;;;;;;;;
128;;;;;;;;;;;;;;;;
129;;;;;;;;;;;;;;;;
130;;;;;;;;;;;;;;;;
131;;;;;;;;;;;;;;;;
132;;;;;;;;;;;;;;;;
133;;;;;;;;;;;;;;;;
134;;;;;;;;;;;;;;;;
135;;;;;;;;;;;;;;;;
136;;;;;;;;;;;;;;;;
137;;;;;;;;;;;;;;;;
138;;;;;;;;;;;;;;;;
139;;;;;;;;;;;;;;;;
140;;;;;;;;;;;;;;;;
141;;;;;;;;;;;;;;;;
142;;;;;;;;;;;;;;;;
143;;;;;;;;;;;;;;;;
144;;;;;;;;;;;;;;;;
145;;;;;;;;;;;;;;;;
146;;;;;;;;;;;;;;;;
147;;;;;;;;;;;;;;;;
148;;;;;;;;;;;;;;;;
149;;;;;;;;;;;;;;;;
150;;;;;;;;;;;;;;;;
151;;;;;;;;;;;;;;;;
152;;;;;;;;;;;;;;;;
153;;;;;;;;;;;;;;;;
154;;;;;;;;;;;;;;;;
155;;;;;;;;;;;;;;;;
156;;;;;;;;;;;;;;;;
157;;;;;;;;;;;;;;;;
158;;;;;;;;;;;;;;;;
159;;;;;;;;;;;;;;;;
160;;;;;;;;;;;;;;;;
161;;;;;;;;;;;;;;;;
162;;;;;;;;;;;;;;;;
163;;;;;;;;;;;;;;;;
164;;;;;;;;;;;;;;;;
165;;;;;;;;;;;;;;;;
166;;;;;;;;;;;;;;;;
167;;;;;;;;;;;;;;;;
168;;;;;;;;;;;;;;;;
169;;;;;;;;;;;;;;;;
170;;;;;;;;;;;;;;;;
171;;;;;;;;;;;;;;;;
172;;;;;;;;;;;;;;;;
173;;;;;;;;;;;;;;;;
174;;;;;;;;;;;;;;;;
175;;;;;;;;;;;;;;;;
176;;;;;;;;;;;;;;;;
177;;;;;;;;;;;;;;;;
178;;;;;;;;;;;;;;;;
179;;;;;;;;;;;;;;;;
180;;;;;;;;;;;;;;;;
181;;;;;;;;;;;;;;;;
182;;;;;;;;;;;;;;;;
183;;;;;;;;;;;;;;;;
184;;;;;;;;;;;;;;;;
185;;;;;;;;;;;;;;;;
186;;;;;;;;;;;;;;;;
187;;;;;;;;;;;;;;;;
188;;;;;;;;;;;;;;;;
189;;;;;;;;;;;;;;;;
190;;;;;;;;;;;;;;;;
191;;;;;;;;;;;;;;;;
192;;;;;;;;;;;;;;;;
193;;;;;;;;;;;;;;;;
194;;;;;;;;;;;;;;;;
195;;;;;;;;;;;;;;;;
196;;;;;;;;;;;;;;;;
197;;;;;;;;;;;;;;;;
198;;;;;;;;;;;;;;;;
199;;;;;;;;;;;;;;;;
200;;;;;;;;;;;;;;;;
